municipality,general_govt_exp,general_govt_exp_adj,general_govt_exp_capita,general_govt_exp_capita_adj,police_exp,police_exp_adj,police_exp_capita,police_exp_capita_adj,fire_protection_exp,fire_protection_exp_adj,fire_protection_exp_capita,fire_protection_exp_capita_adj,water_cost_exp,water_cost_exp_adj,water_cost_exp_capita,water_cost_exp_capita_adj,emergency_exp,emergency_exp_adj,emergency_exp_capita,emergency_exp_capita_adj,other_protection_exp,other_protection_exp_adj,other_protection_exp_capita,other_protection_exp_capita_adj,transportation_exp,transportation_exp_adj,transportation_exp_capita,transportation_exp_capita_adj,environ_health_exp,environ_health_exp_adj,environ_health_exp_capita,environ_health_exp_capita_adj,public_health_exp,public_health_exp_adj,public_health_exp_capita,public_health_exp_capita_adj,environ_dev_exp,environ_dev_exp_adj,environ_dev_exp_capita,environ_dev_exp_capita_adj,rec_and_culture_exp,rec_and_culture_exp_adj,rec_and_culture_exp_capita,rec_and_culture_exp_capita_adj,debt_exp,debt_exp_adj,debt_exp_capita,debt_exp_capita_adj,transfers_exp,transfers_exp_adj,transfers_exp_capita,transfers_exp_capita_adj,deficits_exp,deficits_exp_adj,deficits_exp_capita,deficits_exp_capita_adj,total_exp,total_exp_adj,total_exp_capita,total_exp_capita_adj
Alma,77644.0,63642.62295081967,334.67241379310343,274.3216506500848,37023,30346.721311475412,159.58189655172413,130.80483323911815,46557,38161.475409836065,200.67672413793105,164.4891181458451,0,0.0,0.0,0.0,700,573.7704918032787,3.0172413793103448,2.4731486715658564,1000,819.672131147541,4.310344827586207,3.5330695308083664,99268,81367.21311475411,427.87931034482756,350.72074618428496,37948,31104.918032786885,163.56896551724137,134.0729225551159,100,81.9672131147541,0.43103448275862066,0.35330695308083665,9484,7773.770491803279,40.87931034482759,33.50763143018655,39560,32426.22950819672,170.51724137931035,139.76823063877896,29028.0,23793.44262295082,125.12068965517241,102.55794234030526,0,0.0,0.0,0.0,3691,3025.409836065574,15.90948275862069,13.040559638213681,382003.0,313117.2131147541,1646.5646551724137,1349.6431599773884
Aroostook,48894.0,40077.04918032787,139.2991452991453,114.1796272943814,42558,34883.60655737705,121.24786324786325,99.38349446546167,20500,16803.27868852459,58.40455840455841,47.872588856195414,9500,7786.88524590164,27.065527065527064,22.184858250432022,0,0.0,0.0,0.0,0,0.0,0.0,0.0,29393,24092.622950819674,83.74074074074075,68.63995142683667,20468,16777.04918032787,58.313390313390315,47.797860912615015,0,0.0,0.0,0.0,0,0.0,0.0,0.0,800,655.7377049180328,2.2792022792022792,1.868198589510065,350.0,286.88524590163934,0.9971509971509972,0.8173368829106534,0,0.0,0.0,0.0,0,0.0,0.0,0.0,172463.0,141363.11475409835,491.34757834757835,402.7439166783429
Atholville,411986.0,337693.4426229508,333.05254648342765,272.9938905601866,161991,132779.50819672132,130.95472918350848,107.33994195369549,139900,114672.13114754099,113.09620048504446,92.70180367626595,158441,129869.67213114754,128.0848827809216,104.98760883682097,4000,3278.688524590164,3.2336297493936943,2.6505161880276185,2900,2377.0491803278687,2.3443815683104283,1.9216242363200233,504589,413597.5409836066,407.9135004042037,334.35532820016704,91810,75254.09836065574,74.21988682295877,60.83597280570392,0,0.0,0.0,0.0,161060,132016.39344262297,130.20210185933712,106.72303431093206,277592,227534.42622950822,224.4074373484236,183.94052241674066,283674.0,232519.67213114756,229.3241713823767,187.97063228063666,39000,31967.2131147541,31.52789005658852,25.84253283326928,0,0.0,0.0,0.0,2236943.0,1833559.8360655739,1808.3613581244947,1482.2634082987663
Baker-Brook,114859.0,94146.72131147541,196.34017094017094,160.9345663444024,64575,52930.32786885246,110.38461538461539,90.47919293820934,42900,35163.93442622951,73.33333333333333,60.10928961748635,26692,21878.688524590165,45.62735042735043,37.39946756340199,0,0.0,0.0,0.0,0,0.0,0.0,0.0,115213,94436.88524590165,196.94529914529915,161.43057306991736,18015,14766.393442622952,30.794871794871796,25.241698192517866,0,0.0,0.0,0.0,24088,19744.262295081968,41.17606837606838,33.750875718088835,13000,10655.737704918032,22.22222222222222,18.21493624772313,37937.0,31095.90163934426,64.84957264957265,53.1553874176825,4000,3278.688524590164,6.837606837606837,5.604595768530195,0,0.0,0.0,0.0,461279.0,378097.5409836066,788.5111111111111,646.32058287796
Balmoral,364007.0,298366.39344262297,211.75509016870274,173.5697460399203,209838,171998.36065573772,122.06980802792322,100.05721969501903,82850,67909.83606557378,48.196625945317045,39.505431102718894,150000,122950.81967213115,87.26003490401396,71.52461877378194,0,0.0,0.0,0.0,3675,3012.2950819672133,2.137870855148342,1.7523531599576576,302660,248081.96721311475,176.0674810936591,144.31760745381894,93679,76786.0655737705,54.496218731820825,44.66903174739412,0,0.0,0.0,0.0,25149,20613.93442622951,14.630017452006982,11.99181758361228,145408,119186.88524590165,84.58871436881908,69.33501177772057,145425.0,119200.81967213115,84.59860383944154,69.34311790118159,0,0.0,0.0,0.0,779,638.5245901639345,0.45317044793484584,0.37145118683184086,1523470.0,1248745.9016393444,886.2536358347877,726.4374064219572
Bas-Caraquet,284585.0,233266.39344262297,206.22101449275362,169.0336184366833,180933,148305.73770491805,131.1108695652174,107.46792587312902,51000,41803.27868852459,36.95652173913044,30.29223093371347,0,0.0,0.0,0.0,1400,1147.5409836065573,1.0144927536231885,0.8315514373960561,4000,3278.688524590164,2.898550724637681,2.3758612497030174,292223,239527.0491803279,211.75579710144928,173.57032549299123,76248,62498.360655737706,55.25217391304348,45.288667141838914,0,0.0,0.0,0.0,60645,49709.016393442624,43.94565217391305,36.02102637205987,88000,72131.14754098361,63.768115942028984,52.268947493466385,100594.0,82454.09836065574,72.89420289855073,59.74934663815633,45000,36885.24590163935,32.608695652173914,26.728439059158948,0,0.0,0.0,0.0,1184628.0,971006.5573770492,858.4260869565218,703.6279401282966
Bath,90642.0,74296.72131147541,170.3796992481203,139.65549118698385,62976,51619.67213114754,118.37593984962406,97.02945889313447,32769,26859.83606557377,61.59586466165413,50.48841365709355,0,0.0,0.0,0.0,0,0.0,0.0,0.0,9223,7559.836065573771,17.336466165413533,14.21021816837175,53312,43698.360655737706,100.21052631578948,82.1397756686799,37116,30422.950819672133,69.76691729323308,57.18599778133859,0,0.0,0.0,0.0,18419,15097.540983606557,34.62218045112782,28.37883643535067,69590,57040.983606557376,130.80827067669173,107.2198939972883,63018.0,51654.09836065574,118.45488721804512,97.09416985085666,10000,8196.72131147541,18.796992481203006,15.407370886231975,703,576.2295081967213,1.3214285714285714,1.0831381733021077,447768.0,367022.95081967214,841.6691729323309,689.8927646986318
Bathurst,2698187.0,2211628.6885245903,219.8115682281059,180.17341658041468,4720424,3869200.0,384.5559266802444,315.20977596741346,1913315,1568290.9836065574,155.87087576374745,127.76301292110448,724383,593756.5573770492,59.0128716904277,48.371206303629265,6400,5245.901639344263,0.5213849287169042,0.4273646956695937,205560,168491.80327868852,16.74623217922607,13.72641981903776,4628522,3793870.4918032787,377.06900203665987,309.0729524890655,348021,285263.11475409835,28.35201629327902,23.239357617441822,0,0.0,0.0,0.0,705509,578286.0655737706,57.475274949083506,47.11088110580616,2995582,2455395.081967213,244.039266802444,200.0321859036426,3218714.0,2638290.1639344264,262.21702647657844,214.93198891522823,15000,12295.081967213115,1.2219959266802445,1.0016360054756102,0,0.0,0.0,0.0,22179617.0,18180013.93442623,1806.8934419551936,1481.0601983239292
Belledune,795563.0,652100.8196721312,513.9295865633075,421.2537594781209,570000,467213.11475409835,368.2170542635659,301.81725759308677,196102,160739.34426229508,126.68087855297158,103.83678569915703,40409,33122.13114754098,26.104005167958658,21.396725547507096,12000,9836.065573770493,7.751937984496124,6.354047528275512,7000,5737.704918032787,4.521963824289406,3.7065277248273816,826200,677213.1147540984,533.7209302325581,437.47617232176896,181000,148360.65573770492,116.9250645994832,95.8402168848223,2000,1639.344262295082,1.2919896640826873,1.059007921379252,521700,427622.95081967214,337.015503875969,276.2422162917779,400000,327868.85245901643,258.3979328165375,211.80158427585042,536877.0,440063.11475409835,346.81976744186045,284.2784979031643,608500,498770.4918032787,393.0878552971576,322.20316007963737,3443,2822.131147540984,2.2241602067183464,1.8230821366543823,4700794.0,3853109.836065574,3036.6886304909563,2489.0890413860297
Beresford,671417.0,550341.8032786886,154.31326131923694,126.48627976986637,1079133,884535.2459016393,248.0195357389106,203.29470142533654,105266,86283.60655737705,24.193518731326133,19.83075305846404,200000,163934.42622950822,45.966444495518274,37.67741352091662,0,0.0,0.0,0.0,30000,24590.16393442623,6.8949666743277405,5.651612028137492,766547,628317.2131147541,176.17720064353023,144.40754151109033,205332,168304.9180327869,47.19190990576879,38.681893365384255,0,0.0,0.0,0.0,83737,68636.88524590163,19.24546081360607,15.774967880004972,551682,452198.3606557377,126.79430016088256,103.9297542302316,639185.0,523922.131147541,146.90530912433923,120.41418780683544,55000,45081.96721311475,12.640772236267525,10.36128871825207,0,0.0,0.0,0.0,4387299.0,3596146.7213114756,1008.3426798437141,826.5103933145198
Bertrand,192897.0,158112.29508196723,169.65435356200527,139.06094554262728,145017,118866.39344262295,127.54353562005277,104.54388165578096,45300,37131.147540983606,39.84168865435356,32.65712184783079,0,0.0,0.0,0.0,0,0.0,0.0,0.0,2000,1639.344262295082,1.7590149516270888,1.4418155341205647,256300,210081.96721311475,225.41776605101143,184.76866069755036,75496,61881.96721311475,66.39929639401934,54.425652781983075,0,0.0,0.0,0.0,51351,42090.983606557376,45.16358839050132,37.01933474631256,111400,91311.47540983607,97.97713280562884,80.30912525051545,88294.0,72372.13114754099,77.65523306948108,63.65183038482057,11000,9016.393442622952,9.674582233948989,7.929985437663106,0,0.0,0.0,0.0,979055.0,802504.0983606557,861.0861917326297,705.8083538792047
Blacks Harbour,230172.0,188665.5737704918,234.3910386965377,192.1238022102768,228000,186885.24590163934,232.17922606924643,190.31084104036591,173111,141894.26229508198,176.28411405295316,144.4951754532403,50000,40983.606557377054,50.91649694501018,41.73483356148376,1400,1147.5409836065573,1.4256619144602851,1.1685753397215453,30380,24901.639344262298,30.93686354378819,25.358084871957534,202388,165891.80327868852,206.0977596741344,168.93258989683147,54142,44378.688524590165,55.134419551934826,45.192147173717075,0,0.0,0.0,0.0,47387,38841.80327868852,48.25560081466395,39.55377115956061,146525,120102.45901639345,149.21079429735235,122.30392975192815,121221.0,99361.47540983607,123.44297352342159,101.18276518313246,5879,4818.852459016393,5.986761710794298,4.90718173015926,2703,2215.5737704918033,2.7525458248472505,2.256185102333812,1293308.0,1060088.524590164,1317.0142566191446,1079.5198824747088
Blackville,126631.0,103795.90163934426,127.91010101010102,104.84434509024672,171000,140163.9344262295,172.72727272727272,141.57973174366617,61631,50517.2131147541,62.253535353535355,51.02748799470111,0,0.0,0.0,0.0,0,0.0,0.0,0.0,1500,1229.5081967213116,1.5151515151515151,1.2419274714356683,133232,109206.55737704919,134.57777777777778,110.3096539162113,65446,53644.26229508197,66.1070707070707,54.18612353038583,0,0.0,0.0,0.0,15404,12626.229508196722,15.55959595959596,12.75376717999669,45716,37472.13114754098,46.17777777777778,37.85063752276867,20753.0,17010.655737704918,20.962626262626262,17.18248054313628,69954,57339.34426229508,70.66060606060606,57.91852955787382,0,0.0,0.0,0.0,711267.0,583005.737704918,718.4515151515152,588.8946845504222
Bouctouche,454096.0,372209.8360655738,187.410647957078,153.6152852107197,325500,266803.2786885246,134.33759801898472,110.1127852614629,139700,114508.19672131148,57.65579859678085,47.25885130883677,10000,8196.72131147541,4.127115146512588,3.3828812676332687,0,0.0,0.0,0.0,11500,9426.229508196722,4.746182418489476,3.890313457778259,620200,508360.65573770495,255.96368138671068,209.80629621861533,180200,147704.9180327869,74.37061494015683,60.959520442751504,0,0.0,0.0,0.0,270161,221443.44262295082,111.49855550969872,91.39225861450716,1059968,868826.2295081967,437.4609987618655,358.57458914907005,390375.0,319979.5081967213,161.11225753198514,132.05922748523372,0,0.0,0.0,0.0,10209,8368.032786885246,4.213371853074701,3.4535834861268038,3471909.0,2845827.049180328,1432.8968221213372,1174.5055919027354
Cambridge-Narrows,147940.0,121262.29508196721,238.61290322580646,195.58434690639874,88191,72287.70491803279,142.24354838709678,116.59307244843998,70499,57786.065573770495,113.70806451612903,93.20333157059757,0,0.0,0.0,0.0,0,0.0,0.0,0.0,2000,1639.344262295082,3.225806451612903,2.6441036488630356,245983,201625.40983606558,396.7467741935484,325.202273929138,63680,52196.72131147541,102.70967741935483,84.18826017979906,12000,9836.065573770493,19.35483870967742,15.864621893178214,53497,43850.0,86.28548387096774,70.7258064516129,27350,22418.032786885247,44.11290322580645,36.15811739820201,1200.0,983.6065573770492,1.935483870967742,1.5864621893178212,84749,69466.39344262295,136.69193548387096,112.0425700687467,3596,2947.5409836065573,5.8,4.754098360655738,800685.0,656299.1803278689,1291.4274193548388,1058.54706504495
Campbellton,1248722.0,1023542.6229508197,169.08896411645227,138.5975115708625,2204563,1807018.8524590165,298.5190250507786,244.68772545145788,692958,567998.3606557377,93.83317535545024,76.91243881594282,25000,20491.803278688527,3.3852403520649967,2.774787173823768,12250,10040.983606557378,1.6587677725118484,1.3596457151736463,88108,72219.67213114754,11.930670277589709,9.779237932450581,3071942,2517985.2459016396,415.97048070413,340.95941041322135,419104,343527.868852459,56.75071090047393,46.516976147929455,0,0.0,0.0,0.0,216957,177833.60655737706,29.37806364251862,24.080380034851327,2284996,1872947.5409836066,309.41042654028433,253.61510372154456,1651402.0,1353608.1967213114,223.6157075152336,183.2915635370767,14014,11486.88524590164,1.8976303317535546,1.5554346981586513,0,0.0,0.0,0.0,11930016.0,9778701.639344262,1615.4388625592417,1324.130215212493
Canterbury,61779.0,50638.524590163935,186.64350453172204,152.98647912436235,44280,36295.08196721312,133.7764350453172,109.65281561091577,47268,38744.26229508197,142.8036253776435,117.05215194888814,0,0.0,0.0,0.0,0,0.0,0.0,0.0,4000,3278.688524590164,12.084592145015106,9.905403397553366,40800,33442.62295081967,123.26283987915407,101.03511465504432,26140,21426.22950819672,78.97280966767372,64.73181120301123,0,0.0,0.0,0.0,0,0.0,0.0,0.0,10000,8196.72131147541,30.211480362537763,24.763508493883414,28324.0,23216.39344262295,85.57099697885197,70.14016145807538,0,0.0,0.0,0.0,0,0.0,0.0,0.0,262591.0,215238.52459016393,793.3262839879154,650.2674458917339
Cap-Pelé,476307.0,390415.5737704918,211.12898936170214,173.0565486571329,325000,266393.4426229508,144.06028368794327,118.08219974421579,125028,102481.96721311475,55.420212765957444,45.426403906522495,0,0.0,0.0,0.0,5500,4508.196721311476,2.4379432624113475,1.998314149517498,0,0.0,0.0,0.0,436932,358140.98360655736,193.6755319148936,158.75043599581443,138608,113613.11475409837,61.43971631205674,50.36042320660388,25000,20491.803278688527,11.081560283687944,9.083246134170446,188982,154903.2786885246,83.7686170212766,68.66280083711196,673278,551867.2131147541,298.43882978723406,244.62199162888035,192457.0,157751.6393442623,85.30895390070921,69.92537204976166,124765,102266.39344262295,55.303634751773046,45.33084815719103,0,0.0,0.0,0.0,2711857.0,2222833.606557377,1202.0642730496454,985.2985844669225
Caraquet,1258070.0,1031204.9180327869,301.76781002638523,247.35066395605347,810100,664016.393442623,194.31518349724155,159.27474057150945,132633,108715.5737704918,31.814104101703045,26.07713450959266,69000,56557.37704918033,16.550731590309425,13.56617343467986,13500,11065.573770491803,3.2381866154953225,2.654251324176494,24960,20459.016393442624,5.987047253538019,4.90741578158854,1114918,913867.2131147542,267.43055888702327,219.20537613690433,203775,167028.68852459016,48.87862796833773,40.06444915437519,0,0.0,0.0,0.0,620105,508282.78688524594,148.74190453346125,121.91959387988629,601515,493045.08196721313,144.28280163108658,118.26459150089066,576346.0,472414.75409836066,138.2456224514272,113.31608397657968,107957,88489.34426229508,25.89517869992804,21.225556311416426,0,0.0,0.0,0.0,5532879.0,4535146.721311475,1327.1477572559368,1087.826030537653
Centreville,85271.0,69894.26229508196,157.32656826568265,128.9562034964612,64329,52728.688524590165,118.68819188191883,97.28540318190068,42000,34426.229508196724,77.49077490774907,63.51702861290909,0,0.0,0.0,0.0,200,163.9344262295082,0.36900369003690037,0.30246204101385277,5800,4754.098360655737,10.70110701107011,8.77139918940173,177448,145449.18032786885,327.3948339483395,268.3564212691307,32500,26639.344262295082,59.96309963099631,49.15008166475108,0,0.0,0.0,0.0,23350,19139.344262295082,43.08118081180812,35.31244328836731,51000,41803.27868852459,94.09594095940959,77.12782045853245,41913.0,34354.91803278689,77.33025830258302,63.385457625068064,0,0.0,0.0,0.0,18292,14993.44262295082,33.74907749077491,27.663178271126977,542103.0,444346.72131147544,1000.190036900369,819.8278990986631
Charlo,286845.0,235118.8524590164,216.65030211480362,177.5822148481997,169248,138727.868852459,127.83081570996978,104.7793571393195,84500,69262.29508196721,63.82175226586103,52.31291169332871,20000,16393.44262295082,15.105740181268882,12.381754246941707,4000,3278.688524590164,3.0211480362537766,2.4763508493883415,3000,2459.016393442623,2.2658610271903323,1.8572631370412562,398010,326237.7049180328,300.61178247734136,246.40310039126345,79500,65163.93442622951,60.04531722054381,49.21747313159329,0,0.0,0.0,0.0,61772,50632.7868852459,46.65558912386707,38.242286167104155,68500,56147.54098360656,51.73716012084592,42.407508295775344,176457.0,144636.88524590165,133.27567975830814,109.24236045762964,0,0.0,0.0,0.0,0,0.0,0.0,0.0,1351832.0,1108059.0163934426,1021.0211480362537,836.9025803575851
Chipman,343730.0,281745.9016393443,278.0987055016181,227.94975860788372,158793,130158.19672131148,128.4733009708738,105.30598440235556,111485,91381.14754098361,90.19822006472492,73.93296726616798,0,0.0,0.0,0.0,3000,2459.016393442623,2.4271844660194173,1.9894954639503424,4200,3442.622950819672,3.3980582524271843,2.785293649530479,247720,203049.18032786885,200.42071197411002,164.27927210992624,82000,67213.11475409837,66.34304207119742,54.37954268130936,0,0.0,0.0,0.0,6300,5163.934426229508,5.097087378640777,4.177940474295719,209648,171842.62295081967,169.61812297734627,139.0312483420871,109419.0,89687.70491803279,88.52669902912622,72.56286805666083,0,0.0,0.0,0.0,0,0.0,0.0,0.0,1276295.0,1046143.4426229509,1032.6011326860842,846.3943710541674
Clair,224163.0,183740.16393442624,261.5670945157526,214.39925779979725,104304,85495.08196721312,121.70828471411902,99.76088910993363,47556,38980.32786885246,55.49124854142357,45.484629951986534,117400,96229.50819672132,136.98949824970828,112.28647397517074,0,0.0,0.0,0.0,1200,983.6065573770492,1.4002333722287048,1.1477322723186105,92407,75743.44262295082,107.82613768961494,88.38208007345487,40000,32786.88524590164,46.67444574095683,38.25774241062035,0,0.0,0.0,0.0,48685,39905.737704918036,56.80863477246208,46.5644547315263,109200,89508.19672131148,127.42123687281213,104.44363678099356,60000.0,49180.32786885246,70.01166861143524,57.38661361593052,0,0.0,0.0,0.0,151439,124130.32786885246,176.70828471411903,144.84285632304838,996354.0,816683.606557377,1162.6067677946323,952.9563670447807
Dalhousie,773646.0,634136.0655737706,220.2864464692483,180.56266104036746,945552,775042.6229508197,269.23462414578586,220.6841181522835,401814,329355.737704918,114.4117312072893,93.78010754695843,490093,401715.5737704918,139.54812072892938,114.3837055155159,5000,4098.360655737705,1.4236902050113895,1.1669591844355653,23250,19057.37704918033,6.6201594533029615,5.426360207625379,1615365,1324069.6721311475,459.95586560364467,377.0130045931513,236500,193852.45901639343,67.34054669703872,55.19716942380223,0,0.0,0.0,0.0,303244,248560.65573770492,86.34510250569475,70.7746741849957,742049,608236.8852459016,211.2895785876993,173.18817917024535,527375.0,432274.59016393445,150.16372437357631,123.08501997834125,0,0.0,0.0,0.0,16074,13175.409836065573,4.576879271070615,3.751540386123455,6079962.0,4983575.409836066,1731.1964692482916,1419.0134993838456
Dieppe,4205967.0,3447513.9344262294,180.43616473616473,147.89849568538094,4312459,3534802.4590163934,185.0046761046761,151.64317713498042,3282570,2690631.1475409837,140.82239382239382,115.42819165769986,1127000,923770.4918032787,48.348348348348345,39.62979372815438,17920,14688.524590163935,0.7687687687687688,0.6301383350563678,938430,769204.9180327869,40.25868725868726,32.99892398253054,6113177,5010800.819672131,262.25555555555553,214.96357012750454,986371,808500.8196721312,42.315358215358216,34.684719848654275,0,0.0,0.0,0.0,2253321,1846984.4262295084,96.66756756756757,79.23571112095703,7604896,6233521.31147541,326.25036465036465,267.41833168062675,7406345.0,6070774.590163935,317.73251823251826,260.4364903545232,2852207,2337874.5901639345,122.35980265980265,100.294920212953,0,0.0,0.0,0.0,41100663.0,33689068.03278688,1763.220205920206,1445.262463869021
Doaktown,216207.0,177218.8524590164,272.64438839848674,223.47900688400554,109224,89527.86885245903,137.73518284993696,112.89769086060407,66492,54501.639344262294,83.84867591424968,68.72842288053252,0,0.0,0.0,0.0,2000,1639.344262295082,2.5220680958385877,2.067268931015236,5500,4508.196721311476,6.935687263556116,5.684989560291899,230711,189107.37704918033,290.9344262295082,238.47084117172804,66640,54622.95081967213,84.03530895334174,68.88140078142766,0,0.0,0.0,0.0,29100,23852.459016393444,36.69609079445145,30.078762946271684,95000,77868.8524590164,119.79823455233291,98.1952742232237,86133.0,70600.81967213115,108.61664564943254,89.03003741756766,20233,16584.426229508197,25.51450189155107,20.913526140615634,0,0.0,0.0,0.0,927240.0,760032.7868852459,1169.281210592686,958.4272217972837
Dorchester,200839.0,164622.131147541,172.09854327335046,141.06437973225448,137637,112817.21311475411,117.94087403598972,96.67284757048338,116715,95668.03278688525,100.01285347043702,81.97774874625985,50461,41361.475409836065,43.23993144815767,35.44256676078497,3650,2991.8032786885246,3.1276778063410453,2.5636703330664306,1250,1024.5901639344263,1.0711225364181662,0.8779692921460379,130774,107191.80327868853,112.05998286203942,91.85244496888477,41057,33653.27868852459,35.18166238217652,28.8374281821119,3794,3109.8360655737706,3.251071122536418,2.6648123955216545,22674,18585.245901639344,19.4293059125964,15.92566058409541,107252,87911.47540983607,91.90402742073694,75.33117001699749,3000.0,2459.016393442623,2.570694087403599,2.1071263011504913,0,0.0,0.0,0.0,23647,19382.786885245903,20.2630676949443,16.609071881101887,842750.0,690778.6885245902,722.1508140531276,591.9268967648588
Drummond,197658.0,162014.75409836066,255.04258064516128,209.05129561078795,100245,82168.03278688525,129.3483870967742,106.02326811211,95440,78229.50819672132,123.14838709677419,100.94130089899525,45145,37004.09836065574,58.251612903225805,47.7472236911687,2500,2049.1803278688526,3.225806451612903,2.6441036488630356,8602,7050.819672131148,11.099354838709678,9.097831835007932,70509,57794.26229508197,90.97935483870968,74.57324167107352,104288,85481.96721311475,134.56516129032258,110.29931253305129,0,0.0,0.0,0.0,23998,19670.491803278688,30.96516129032258,25.38127974616605,15040,12327.868852459016,19.406451612903226,15.90692755156002,33250.0,27254.09836065574,42.903225806451616,35.16657852987837,50938,41752.45901639344,65.72645161290322,53.87414066631412,1478,1211.4754098360656,1.9070967741935483,1.5631940772078265,749091.0,614009.0163934426,966.5690322580646,792.2696985721841
Edmundston,3164607.0,2593940.1639344264,197.3931511976048,161.79766491606952,4363387,3576546.7213114756,272.16735279441116,223.08799409377966,1720908,1410580.3278688525,107.34206586826348,87.98529989201924,536820,440016.39344262297,33.48428143712575,27.44613232551291,11090,9090.16393442623,0.6917415169660679,0.5670012434148097,1140343,934707.3770491803,71.12917914171656,58.30260585386604,6496194,5324749.180327869,405.20172155688624,332.13255865318547,595410,488040.98360655736,37.13884730538922,30.441678119171492,0,0.0,0.0,0.0,1215763,996527.0491803279,75.83352045908184,62.15862332711626,2917442,2391345.901639344,181.97617265469063,149.16079725794313,4580335.0,3754372.950819672,285.6995384231537,234.17994952717515,313333,256830.32786885247,19.544224051896208,16.019855780242793,0,0.0,0.0,0.0,27055632.0,22176747.540983606,1687.6017964071857,1383.2801609894964
Eel River Crossing,194538.0,159457.37704918033,160.90818858560795,131.8919578570557,143664,117757.37704918033,118.8287841191067,97.40064272057927,76748,62908.19672131148,63.48056244830438,52.03324790844622,42472,34813.11475409836,35.1298593879239,28.794966711413036,3285,2692.622950819672,2.7171215880893302,2.227148842696172,1304,1068.8524590163934,1.0785773366418527,0.8840797841326662,189549,155368.03278688525,156.78163771712158,128.50953911239475,70744,57986.88524590164,58.51447477253929,47.962684239786306,0,0.0,0.0,0.0,32328,26498.360655737706,26.739454094292803,21.917585323190824,39530,32401.639344262298,32.696443341604635,26.8003633947579,59743.0,48969.67213114754,49.41521918941274,40.5042780241088,12650,10368.852459016394,10.463192721257238,8.57638747644036,404,331.1475409836066,0.33416046319272125,0.27390201901042727,866959.0,710622.131147541,717.0876757650951,587.7767834140124
Florenceville-Bristol,419032.0,343468.85245901643,255.66320927394753,209.56000760159637,189297,155161.47540983607,115.4954240390482,94.66838035987558,166294,136306.55737704918,101.46064673581452,83.16446453755289,0,0.0,0.0,0.0,2000,1639.344262295082,1.2202562538133008,1.000210044109263,8803,7215.573770491804,5.370957901159244,4.402424509146921,554290,454336.0655737705,338.18791946308727,277.2032126746617,93530,76663.9344262295,57.06528370957901,46.77482271276968,40650,33319.67213114754,24.801708358755338,20.32926914652077,317263,260051.6393442623,193.57107992678462,158.66481961211855,778562,638165.5737704919,475.0225747406955,389.362766180898,292778.0,239981.96721311475,178.6320927394753,146.41974814711088,290042,237739.34426229508,176.96278218425869,145.05146080676943,12885,10561.475409836066,7.86150091519219,6.443853209173927,3165426.0,2594611.475409836,1931.3154362416108,1583.045439542304
Fredericton,24319045.0,19933643.442622952,432.5385066875356,354.5397595799472,14078071,11539402.459016394,250.39255478087648,205.23979900071845,10683344,8756839.344262294,190.01394422310756,155.74913460910454,1000612,820173.7704918033,17.796883892999432,14.58760974836019,0,0.0,0.0,0.0,839710,688286.8852459016,14.93508110415481,12.241869757503942,13927124,11415675.409836065,247.70781161070005,203.0391898448361,2675747,2193235.2459016396,47.590833096186685,39.008879587038265,19289,15810.655737704918,0.34307413204325554,0.28120830495348814,7088149,5809958.196721312,126.06981004553215,103.33590987338702,5007299,4104343.4426229508,89.05981431417189,72.99984779850155,7486959.0,6136851.639344263,133.16304425156517,109.15003627177474,14818706,12146480.327868853,263.56548804780874,216.03728528508915,0,0.0,0.0,0.0,101944055.0,83560700.81967214,1813.1768461866818,1486.2105296612147
Fredericton Junction,150472.0,123337.70491803279,200.09574468085106,164.01290547610742,87945,72086.0655737705,116.94813829787235,95.85912975235438,89950,73729.50819672132,119.61436170212765,98.0445587722358,22129,18138.524590163935,29.42686170212766,24.120378444366935,5000,4098.360655737705,6.648936170212766,5.449947680502268,17000,13934.426229508197,22.606382978723403,18.52982211370771,255360,209311.47540983607,339.5744680851064,278.3397279386118,43200,35409.83606557377,57.4468085106383,47.08754795953959,0,0.0,0.0,0.0,3600,2950.8196721311474,4.787234042553192,3.923962329961632,18590,15237.704918032787,24.720744680851062,20.26290547610743,61867.0,50710.65573770492,82.26994680851064,67.43438262992676,0,0.0,0.0,0.0,0,0.0,0.0,0.0,755113.0,618945.0819672131,1004.1396276595744,823.0652685734217
Gagetown,121827.0,99858.19672131148,174.53724928366762,143.06331908497347,88437,72489.34426229508,126.70057306590257,103.8529287425431,87265,71528.68852459016,125.02148997134671,102.47663112405468,0,0.0,0.0,0.0,500,409.8360655737705,0.7163323782234957,0.5871576870684391,3600,2950.8196721311474,5.157593123209169,4.227535346892761,256411,210172.95081967214,367.3510028653295,301.1073793978111,61847,50694.26229508197,88.60601719197707,72.62788294424351,5697,4669.672131147541,8.16189111747851,6.690074686457796,31707,25989.344262295082,45.42550143266476,37.234017567757995,15568,12760.655737704918,22.303724928366762,18.28174174456292,59935.0,49127.04918032787,85.86676217765043,70.3825919488938,12842,10526.229508196722,18.398280802292263,15.080558034665792,7533,6174.5901639344265,10.792263610315187,8.846117713373104,753169.0,617351.6393442623,1079.038681948424,884.4579360232984
Grand Bay-Westfield,666111.0,545992.6229508197,130.17607973421926,106.70170470017973,695149,569794.262295082,135.85088919288646,111.35318786302169,574606,470988.52459016396,112.29353136603478,92.04387816888098,0,0.0,0.0,0.0,10498,8604.918032786885,2.051592730115302,1.6816333853404115,21033,17240.16393442623,4.110416259527066,3.3691936553500548,1570805,1287545.0819672132,306.97772132108656,251.62108305007098,784,642.6229508196722,0.15321477428180574,0.12558588055885717,0,0.0,0.0,0.0,333560,273409.8360655738,65.18663279265195,53.4316662234852,441540,361918.0327868853,86.28884111784248,70.72855829331353,287927.0,236005.73770491805,56.2687121360172,46.12189519345672,701316,574849.1803278689,137.05608755129958,112.34105536991771,0,0.0,0.0,0.0,5303329.0,4346990.983606557,1036.4137189759624,849.5194417835758
Grand Falls/Grand-Sault,1258964.0,1031937.7049180329,220.63862600771117,180.8513327932059,1774827,1454776.2295081967,311.04574132492115,254.95552567616485,212587,174251.6393442623,37.25674728356116,30.53831744554194,180000,147540.9836065574,31.545741324921135,25.857165020427164,0,0.0,0.0,0.0,6000,4918.032786885246,1.0515247108307044,0.8619055006809054,1801069,1476286.0655737706,315.6447599018577,258.7252130343096,264050,216434.42622950822,46.27584998247459,37.931024575798844,0,0.0,0.0,0.0,760149,623072.9508196722,133.2192429022082,109.19610073951493,1898203,1555904.0983606558,332.66789344549596,272.67860118483276,1633314.0,1338781.9672131147,286.2450052576236,234.62705348985537,126923,104035.24590163934,22.24377847879425,18.23260531048709,0,0.0,0.0,0.0,9916086.0,8127939.344262295,1737.8349106203996,1424.4548447708194
Grand Manan,412516.0,338127.868852459,173.54480437526294,142.24983965185487,302580,248016.39344262297,127.29490954985276,104.34008979496129,130050,106598.3606557377,54.711821623895666,44.84575542942268,0,0.0,0.0,0.0,0,0.0,0.0,0.0,9950,8155.737704918033,4.185948674800168,3.431105471147679,405941,332738.52459016396,170.77871266302063,139.98255136313165,325950,267172.131147541,137.1266302061422,112.39887721814934,10500,8606.557377049181,4.417332772402188,3.620764567542777,26500,21721.311475409835,11.148506520824569,9.13812009903653,230280,188754.09836065574,96.87841817416913,79.40853948702387,220947.0,181104.09836065574,92.95204038704249,76.19019703855942,2300,1885.2459016393443,0.9676062263357172,0.7931198576522273,0,0.0,0.0,0.0,2077514.0,1702880.3278688525,874.0067311737484,716.3989599784824
Grande-Anse,216271.0,177271.31147540984,293.050135501355,240.20502909947132,92619,75917.2131147541,125.5,102.86885245901638,67763,55543.442622950824,91.81978319783198,75.26211737527213,0,0.0,0.0,0.0,0,0.0,0.0,0.0,0,0.0,0.0,0.0,223794,183437.7049180328,303.2439024390244,248.56057576969215,49500,40573.77049180328,67.07317073170732,54.97800879648141,0,0.0,0.0,0.0,17810,14598.360655737706,24.132791327913278,19.780976498289576,106967,87677.86885245903,144.94173441734418,118.8047003420854,72272.0,59239.34426229508,97.92953929539296,80.2701141765516,0,0.0,0.0,0.0,0,0.0,0.0,0.0,846996.0,694259.0163934426,1147.6910569105692,940.7303745168599
Hampton,784494.0,643027.868852459,182.78052190121156,149.82009991902586,574500,470901.6393442623,133.85368126747437,109.7161321864544,406265,333004.0983606558,94.65633737185462,77.5871617802087,0,0.0,0.0,0.0,17500,14344.262295081968,4.0773532152842495,3.3420927994133196,80761,66197.54098360655,18.81663560111836,15.423471804195376,980078,803342.6229508197,228.34995340167754,187.1720929521947,234042,191837.7049180328,54.52982292637465,44.696576169159556,0,0.0,0.0,0.0,183098,150080.32786885247,42.660298229263745,34.96745756497029,1256178,1029654.0983606557,292.6789375582479,239.90076849036714,841109.0,689433.606557377,195.97134203168685,160.63224756695644,486,398.3606557377049,0.11323392357875116,0.09281469145799276,0,0.0,0.0,0.0,5358511.0,4392222.131147541,1248.4881174277725,1023.3509159244038
Hartland,157270.0,128909.83606557378,166.07180570221752,136.124430903457,234960,192590.16393442624,248.10982048574445,203.368705316184,148883,122035.24590163934,157.21541710665258,128.86509598905948,49536,40603.27868852459,52.308342133051745,42.87569027299323,2000,1639.344262295082,2.1119324181626187,1.7310921460349336,7000,5737.704918032787,7.391763463569165,6.058822511122266,384900,315491.8032786885,406.441393875396,333.14868350442293,59223,48543.442622950824,62.537486800422386,51.260235082313436,0,0.0,0.0,0.0,118170,96860.65573770492,124.78352692713833,102.28157944847405,265700,217786.88524590165,280.57022175290393,229.97559160074093,102371.0,83910.65573770492,108.10031678986273,88.60681704087108,45000,36885.24590163935,47.518479408658926,38.94957328578601,0,0.0,0.0,0.0,1575013.0,1290994.262295082,1663.1605068637803,1363.2463171014592
Harvey,68642.0,56263.93442622951,189.09641873278238,154.99706453506752,43296,35488.524590163935,119.27272727272727,97.7645305514158,19900,16311.475409836066,54.82093663911846,44.93519396649054,0,0.0,0.0,0.0,800,655.7377049180328,2.203856749311295,1.806439958451881,788,645.9016393442623,2.1707988980716255,1.7793433590751029,43445,35610.65573770492,119.6831955922865,98.10097999367746,19419,15917.213114754099,53.49586776859504,43.849071941471344,9492,7780.327868852459,26.14876033057851,21.433410107031566,9100,7459.016393442623,25.068870523415978,20.548254527390146,13630,11172.131147540984,37.548209366391184,30.777220792123924,15619.0,12802.459016393443,43.027548209366394,35.26848213882491,19545,16020.491803278688,53.84297520661157,44.13358623492751,25347,20776.22950819672,69.82644628099173,57.23479203359978,289023.0,236904.09836065574,796.2066115702479,652.6283701395475
Hillsborough,236564.0,193904.9180327869,175.2325925925926,143.6332726168792,160000,131147.54098360657,118.51851851851852,97.14632665452338,140060,114803.27868852459,103.74814814814815,85.0394656952034,7440,6098.360655737705,5.511111111111111,4.517304189435337,3000,2459.016393442623,2.2222222222222223,1.8214936247723135,3800,3114.754098360656,2.814814814814815,2.30722525804493,520416,426570.4918032787,385.49333333333334,315.9781420765027,65279,53507.37704918033,48.354814814814816,39.63509411050395,9800,8032.786885245901,7.2592592592592595,5.950212507589557,58851,48238.524590163935,43.593333333333334,35.732240437158474,210310,172385.24590163934,155.78518518518518,127.69277474195506,55780.0,45721.311475409835,41.318518518518516,33.86763812993321,0,0.0,0.0,0.0,0,0.0,0.0,0.0,1471300.0,1205983.6065573771,1089.851851851852,893.3211900425016
Kedgwick,170763.0,139969.67213114756,171.9667673716012,140.9563666980338,140958,115539.34426229508,141.95166163141994,116.3538210093606,67111,55009.016393442624,67.5840886203424,55.39679395110033,19500,15983.60655737705,19.637462235649547,16.09628052102422,0,0.0,0.0,0.0,0,0.0,0.0,0.0,252493,206961.47540983607,254.27291037260827,208.4204183382035,78100,64016.39344262295,78.65055387713998,64.46766711240983,16740,13721.311475409837,16.858006042296072,13.818037739586945,15700,12868.852459016394,15.81067472306143,12.95956944513232,203218,166572.131147541,204.65055387713997,167.746355637,89362.0,73247.54098360657,89.99194360523666,73.76388820101366,12000,9836.065573770493,12.084592145015106,9.905403397553366,0,0.0,0.0,0.0,1065945.0,873725.4098360656,1073.4592145015106,879.8846020504185
Lac Baker,81334.0,66667.2131147541,113.12100139082058,92.72213228755786,88683,72690.98360655738,123.34214186369958,101.10011628172097,41960,34393.44262295082,58.35883171070932,47.8351079595978,0,0.0,0.0,0.0,500,409.8360655737705,0.6954102920723226,0.5700084361248546,3203,2625.409836065574,4.454798331015299,3.651474041815819,148876,122029.50819672132,207.05980528511822,169.72115187304775,39500,32377.04918032787,54.93741307371349,45.03066645386352,20000,16393.44262295082,27.816411682892905,22.800337444994188,41451,33976.229508196724,57.650904033379696,47.2548393716227,32950,27008.196721311477,45.82753824756606,37.56355594062792,50027.0,41005.737704918036,69.57858136300418,57.03162406803621,4000,3278.688524590164,5.563282336578581,4.560067488998837,12576,10308.196721311475,17.49095966620306,14.336852185412344,565060.0,463163.9344262295,785.8970792767733,644.1779338334208
Lamèque,316414.0,259355.73770491805,220.9594972067039,181.11434197270813,174906,143365.5737704918,122.14106145251397,100.1156241414049,130345,106840.16393442624,91.02304469273743,74.60905302683396,1000,819.672131147541,0.6983240223463687,0.5723967396281711,0,0.0,0.0,0.0,500,409.8360655737705,0.34916201117318435,0.28619836981408553,238513,195502.45901639343,166.55935754189943,136.52406355893396,66747,54710.65573770492,46.611033519553075,38.20576517996153,0,0.0,0.0,0.0,102206,83775.40983606558,71.37290502793296,58.502381170436855,370807,303940.16393442627,258.9434357541899,212.24871783130325,160634.0,131667.2131147541,112.17458100558659,91.94637787343163,0,0.0,0.0,0.0,49634,40683.606557377054,34.660614525139664,28.410339774704646,1611706.0,1321070.4918032787,1125.4930167597765,922.535259639161
Le Goulet,167450.0,137254.09836065574,204.95716034271726,167.99767241206334,111684,91544.26229508196,136.7001223990208,112.04928065493509,13000,10655.737704918032,15.911872705018359,13.042518610670786,0,0.0,0.0,0.0,0,0.0,0.0,0.0,800,655.7377049180328,0.9791921664626683,0.802616529887433,101200,82950.81967213115,123.86780905752754,101.53099103076029,42550,34877.04918032787,52.08078335373317,42.689166683387846,0,0.0,0.0,0.0,8552,7009.836065573771,10.467564259485924,8.57997070449666,2200,1803.2786885245903,2.692778457772338,2.207195457190441,28826.0,23627.868852459018,35.28274173806609,28.920280113168932,0,0.0,0.0,0.0,3723,3051.6393442622953,4.556915544675642,3.7351766759636416,479985.0,393430.3278688525,587.4969400244798,481.5548688725244
Maisonnette,113299.0,92868.03278688525,197.72949389179755,162.0733556490144,73677,60390.983606557376,128.58115183246073,105.39438674791863,37300,30573.77049180328,65.09598603839441,53.35736560524133,0,0.0,0.0,0.0,2000,1639.344262295082,3.4904013961605584,2.8609847509512774,0,0.0,0.0,0.0,79000,64754.09836065574,137.87085514834206,113.00889766257546,45389,37204.09836065574,79.2129144851658,64.92861843046377,0,0.0,0.0,0.0,9835,8061.475409836065,17.164048865619545,14.068892512802906,49142,40280.32786885246,85.76265270506109,70.29725631562384,21329.0,17482.786885245903,37.223385689354274,30.5109718765199,0,0.0,0.0,0.0,0,0.0,0.0,0.0,430971.0,353254.91803278687,752.130890052356,616.5007295511115
McAdam,303503.0,248772.95081967214,236.37305295950156,193.74840406516523,345000,282786.88524590165,268.69158878504675,220.23900720085797,64500,52868.852459016394,50.23364485981308,41.175118737551706,12000,9836.065573770493,9.345794392523365,7.660487206986365,0,0.0,0.0,0.0,7850,6434.426229508197,6.113707165109035,5.011235381236913,153500,125819.67213114754,119.54828660436137,97.9903988560339,96350,78975.40983606558,75.03894080996885,61.507328532761356,0,0.0,0.0,0.0,12500,10245.901639344263,9.735202492211839,7.97967417394413,67500,55327.86885245902,52.570093457943926,43.0902405392983,47680.0,39081.96721311475,37.13395638629284,30.437669169092487,0,0.0,0.0,0.0,9900,8114.754098360656,7.710280373831775,6.319901945763751,1120283.0,918264.7540983607,872.4945482866044,715.1594658086921
Meductic,50969.0,41777.86885245902,188.77407407407406,154.73284760170006,19065,15627.04918032787,70.61111111111111,57.87795992714025,37513,30748.360655737706,138.93703703703704,113.88281724347299,0,0.0,0.0,0.0,500,409.8360655737705,1.8518518518518519,1.5179113539769278,2700,2213.1147540983607,10.0,8.19672131147541,35953,29469.67213114754,133.15925925925927,109.14693381906497,13000,10655.737704918032,48.148148148148145,39.46569520340012,0,0.0,0.0,0.0,256,209.8360655737705,0.9481481481481482,0.7771706132361871,21600,17704.918032786885,80.0,65.57377049180327,0.0,0.0,0.0,0.0,0,0.0,0.0,0.0,0,0.0,0.0,0.0,181556.0,148816.39344262297,672.4296296296296,551.1718275652703
Memramcook,767649.0,629220.4918032787,158.9006416890913,130.24642761400924,570000,467213.11475409835,117.98799420409853,96.71147065909716,220456,180701.6393442623,45.63361622852411,37.40460346600337,119833,98223.77049180328,24.805009314841648,20.33197484823086,7325,6004.098360655737,1.516249223763196,1.2428272325927836,10713,8781.147540983608,2.217553301593873,1.8176666406507156,1156777,948177.868852459,239.4487683709377,196.26948227126042,272616,223455.73770491805,56.43055268060443,46.254551377544615,0,0.0,0.0,0.0,188897,154833.60655737706,39.10101428275719,32.05001170717803,699109,573040.1639344263,144.7131028772511,118.61729744036975,355786.0,291627.868852459,73.64645001034982,60.36594263143428,558389,457695.9016393443,115.58455806251294,94.74144103484667,0,0.0,0.0,0.0,4927550.0,4038975.4098360655,1019.9855102463258,836.0536969232179
Millville,46875.0,38422.13114754098,152.68729641693812,125.15352165322795,37269,30548.360655737706,121.39739413680782,99.50606076787527,79180,64901.639344262294,257.91530944625407,211.4059913493886,0,0.0,0.0,0.0,200,163.9344262295082,0.6514657980456026,0.5339883590537726,3000,2459.016393442623,9.77198697068404,8.00982538580659,30255,24799.180327868853,98.55048859934854,80.77908901585946,24236,19865.573770491803,78.94462540716613,64.70870935013616,0,0.0,0.0,0.0,6000,4918.032786885246,19.54397394136808,16.01965077161318,22850,18729.508196721312,74.42996742671009,61.00817002189353,31103.0,25494.262295081968,101.31270358306189,83.04319965824745,250,204.91803278688525,0.8143322475570033,0.6674854488172158,0,0.0,0.0,0.0,281218.0,230506.55737704918,916.0195439739414,750.8356917819192
Minto,343939.0,281917.2131147541,137.30099800399202,112.54180164261642,460200,377213.11475409835,183.7125748502994,150.58407774614705,110000,90163.9344262295,43.91217564870259,35.99358659729721,0,0.0,0.0,0.0,1500,1229.5081967213116,0.5988023952095808,0.49082163541768925,15300,12540.983606557378,6.107784431137724,5.00638068126043,474818,389195.08196721313,189.54810379241516,155.36729819050424,184450,151188.52459016393,73.63273453093812,60.354700435195184,0,0.0,0.0,0.0,49216,40340.983606557376,19.647105788423154,16.104185072477996,225050,184467.2131147541,89.84031936127745,73.63960603383397,145640.0,119377.04918032787,58.13972055888224,47.6555086548215,65000,53278.688524590165,25.94810379241517,21.268937534766533,0,0.0,0.0,0.0,2075113.0,1700912.2950819673,828.3884231536927,679.0069042243382
Miramichi,2211887.0,1813022.131147541,124.18657009713098,101.79227057141885,4576219,3750999.180327869,256.93217674470833,210.60014487271175,2186895,1792536.8852459018,122.78339228566617,100.64212482431654,497970,408172.131147541,27.95856493178373,22.916856501462075,746759,612097.5409836066,41.92684296221436,34.36626472312653,49612,40665.57377049181,2.785469653584863,2.2831718472007076,5777591,4735730.327868853,324.38330245353995,265.8879528307705,1271550,1042254.0983606557,71.39127505474146,58.517438569460204,0,0.0,0.0,0.0,820640,672655.737704918,46.07489753523104,37.766309455107404,3404326,2790431.1475409837,191.1361518162933,156.66897689860107,2841465.0,2329069.6721311477,159.5342765706586,130.76580046775294,1603440,1314295.0819672132,90.02526528549772,73.79120105368666,0,0.0,0.0,0.0,25988354.0,21301929.508196723,1459.1181853910505,1195.9985126156153
Moncton,16757602.0,13735739.344262296,242.60361351593943,198.85542091470447,18882997,15477866.393442623,273.3734400787561,224.0765902284886,12171968,9977022.950819673,176.21634768509136,144.4396292500749,3088907,2531890.9836065574,44.71880881373599,36.65476132273442,59237,48554.91803278689,0.857587514839158,0.7029405859337361,2159057,1769718.8524590165,31.257158988910444,25.620622122057743,27729454,22729060.655737706,401.4456090569534,329.0537779155356,3443496,2822537.704918033,49.8522743724122,40.862519977387045,0,0.0,0.0,0.0,3216446,2636431.1475409837,46.56521990908301,38.16821304023198,19133301,15683033.606557377,276.99714798621767,227.04684261165383,19907722.0,16317804.918032788,288.2086168457017,236.23657118500142,6528248,5351022.950819672,94.51093030662767,77.46797566117023,0,0.0,0.0,0.0,133078435.0,109080684.4262295,1926.6067550742682,1579.185864814974
Nackawic,229058.0,187752.45901639343,218.35843660629172,178.98232508712434,228000,186885.24590163934,217.34985700667303,178.15562049727296,148734,121913.11475409837,141.7864632983794,116.21841253965526,40000,32786.88524590164,38.13155386081983,31.255372017065437,4150,3401.6393442622953,3.956148713060057,3.2427448467705386,23251,19058.196721311477,22.164918970448046,18.167966369219712,348160,285377.04918032786,331.8970448045758,272.04675803653754,96740,79295.08196721312,92.22116301239275,75.59111722327275,0,0.0,0.0,0.0,28264,23167.2131147541,26.94375595805529,22.085045867258437,378890,310565.5737704918,361.1916110581506,296.05869758864804,73773.0,60469.67213114754,70.32697807435653,57.64506399537421,263600,216065.5737704918,251.28693994280266,205.97290159246123,124152,101763.9344262295,118.35271687321259,97.01042366656769,1986772.0,1628501.6393442624,1893.9675881792184,1552.4324493272281
New Maryland,679409.0,556892.6229508197,160.54087901701322,131.5908844401748,575000,471311.4754098361,135.8695652173913,111.36849607982894,250651,205451.6393442623,59.227551984877124,48.54717375809601,98171,80468.03278688525,23.197306238185256,19.014185441135457,10000,8196.72131147541,2.3629489603024574,1.9368434100839818,57484,47118.03278688525,13.583175803402646,11.13375065852676,474426,388873.7704918033,112.10444234404537,91.8888871672503,255000,209016.39344262297,60.25519848771267,49.389506957141535,0,0.0,0.0,0.0,112099,91884.4262295082,26.488421550094518,21.711820942700424,573801,470328.68852459016,135.58624763705103,111.13626855495987,697525.0,571741.8032786886,164.82159735349717,135.09966996188294,518277,424817.2131147541,122.46620982986768,100.38213920480958,0,0.0,0.0,0.0,4301843.0,3526100.8196721314,1016.5035444234404,833.1996265765906
Nigadoo,184724.0,151413.11475409835,194.03781512605042,159.0473894475823,213061,174640.16393442624,223.80357142857142,183.44555035128806,20657,16931.967213114756,21.698529411764707,17.785679845708778,0,0.0,0.0,0.0,0,0.0,0.0,0.0,6242,5116.393442622951,6.55672268907563,5.374362859898057,228050,186926.22950819673,239.5483193277311,196.35108141617303,70931,58140.16393442623,74.50735294117646,61.071600771456126,0,0.0,0.0,0.0,11328,9285.245901639344,11.899159663865547,9.75340956054553,7125,5840.163934426229,7.484243697478991,6.1346259815401565,18160.0,14885.245901639344,19.07563025210084,15.635762501722,600,491.8032786885246,0.6302521008403361,0.5166000826560132,0,0.0,0.0,0.0,760878.0,623670.4918032787,799.2415966386554,655.1160628185701
Norton,106596.0,87373.77049180328,81.93389700230591,67.15893196910322,161622,132477.0491803279,124.22905457340508,101.82709391262712,111242,91181.96721311475,85.50499615680246,70.08606242360857,0,0.0,0.0,0.0,2000,1639.344262295082,1.5372790161414296,1.2600647673290408,0,0.0,0.0,0.0,515282,422362.2950819672,396.0661029976941,324.6443467194214,90338,74047.54098360657,69.43735588009224,56.91586547548545,0,0.0,0.0,0.0,55053,45125.40983606558,42.315910837817064,34.685172817882844,12100,9918.032786885246,9.30053804765565,7.623391842340696,35874.0,29404.918032786885,27.574173712528825,22.601781731581003,0,0.0,0.0,0.0,1116,914.7540983606558,0.8578016910069177,0.7031161401696048,1091223.0,894445.0819672132,838.7571099154496,687.5058277995489
Néguac,358005.0,293446.72131147544,213.35220500595946,174.8788565622619,342000,280327.868852459,203.81406436233613,167.06070849371812,179190,146877.0491803279,106.78784266984505,87.53101858184021,0,0.0,0.0,0.0,2000,1639.344262295082,1.1918951132300357,0.9769632075656031,4280,3508.1967213114754,2.5506555423122763,2.0907012641903906,474995,389340.16393442627,283.0721096543504,232.02631938881183,79920,65508.19672131148,47.62812872467223,39.0394497743215,0,0.0,0.0,0.0,113130,92729.50819672132,67.41954707985697,55.261923835948345,114935,94209.01639344262,68.49523241954708,56.143633130776294,94710.0,77631.14754098361,56.44219308700834,46.26409269426914,20000,16393.44262295082,11.918951132300357,9.769632075656032,0,0.0,0.0,0.0,1783165.0,1461610.655737705,1062.6728247914184,871.0432990093594
Oromocto,2277514.0,1866814.7540983607,254.98365427675773,209.00299530881782,1625484,1332363.9344262294,181.9843260188088,149.1674803432859,2681455,2197913.9344262294,300.2076802507837,246.07186905801942,460525,377479.5081967213,51.559001343484105,42.26147651105254,27710,22713.114754098362,3.1023287057769817,2.5428923817844113,201185,164905.73770491805,22.524070756829378,18.462353079368345,2547350,2087991.8032786886,285.1936856247201,233.76531608583616,495255,405946.72131147544,55.44726824899239,45.44858053196098,0,0.0,0.0,0.0,330815,271159.8360655738,37.03705776981639,30.358244073619996,1638205,1342790.9836065574,183.40853112404835,150.33486157708882,73165.0,59971.311475409835,8.191334527541423,6.714208629132314,2941832,2411337.704918033,329.358710255262,269.96615594693606,0,0.0,0.0,0.0,15300495.0,12541389.344262296,1712.9976489028213,1404.096433526903
Paquetville,242428.0,198711.47540983607,343.38243626062325,281.4610133283797,78966,64726.229508196724,111.84985835694052,91.68021176798403,86000,70491.80327868853,121.81303116147309,99.84674685366647,0,0.0,0.0,0.0,6000,4918.032786885246,8.498583569405099,6.966052106069754,9324,7642.622950819672,13.206798866855523,10.825244972832397,118500,97131.14754098361,167.8470254957507,137.57952909487764,30816,25259.016393442624,43.64872521246459,35.777643616774256,0,0.0,0.0,0.0,19710,16155.737704918034,27.91784702549575,22.883481168439143,12000,9836.065573770493,16.997167138810198,13.932104212139508,215297.0,176472.95081967214,304.9532577903683,249.96168671341664,0,0.0,0.0,0.0,30359,24884.426229508197,43.0014164305949,35.24706264802861,849400.0,696229.5081967213,1203.1161473087818,986.1607764826081
Perth-Andover,258138.0,211588.52459016393,145.18447694038244,119.0036696232643,221031,181172.95081967214,124.31439820022497,101.89704770510244,164200,134590.16393442624,92.3509561304837,75.69750502498664,37000,30327.868852459018,20.80989876265467,17.05729406774973,2000,1639.344262295082,1.124859392575928,0.9220158955540394,5200,4262.295081967213,2.9246344206974126,2.3972413284405025,279667,229235.24590163934,157.29302587176602,128.92870973095577,89000,72950.81967213115,50.0562429696288,41.02970735215475,0,0.0,0.0,0.0,146000,119672.13114754099,82.11473565804275,67.30716037544488,597500,489754.0983606558,336.0517435320585,275.45224879676925,0.0,0.0,0.0,0.0,105080,86131.14754098361,59.100112485939256,48.44271515240923,64174,52601.639344262294,36.0933633295838,29.58472404064246,1968990.0,1613926.2295081967,1107.4184476940382,907.7200390934739
Petit-Rocher,186133.0,152568.03278688525,97.55398322851153,79.96228133484551,465704,381724.59016393445,244.07966457023062,200.06529882805788,78506,64349.18032786885,41.14570230607966,33.72598549678661,50000,40983.606557377054,26.20545073375262,21.479877650616906,0,0.0,0.0,0.0,13124,10757.377049180328,6.878406708595388,5.638038285733924,419169,343581.1475409836,219.69025157232704,180.07397669862874,157483,129084.4262295082,82.53825995807128,67.65431144104204,0,0.0,0.0,0.0,34233,28059.83606557377,17.94182389937107,14.706413032271369,302705,248118.8524590164,158.65041928721175,130.0413272845998,134449.0,110204.09836065574,70.46593291404612,57.75896140495584,0,0.0,0.0,0.0,4853,3977.8688524590166,2.543501048218029,2.0848369247688767,1846359.0,1513409.0163934426,967.6933962264151,793.1913083823075
Petitcodiac,198788.0,162940.9836065574,139.10986703988803,114.02448118023611,168264,137921.31147540984,117.74947515745276,96.51596324381374,89500,73360.65573770492,62.63121063680896,51.33705789902373,0,0.0,0.0,0.0,5000,4098.360655737705,3.4989503149055285,2.8679920613979744,15000,12295.081967213115,10.496850944716584,8.603976184193922,580850,476106.5573770492,406.4730580825752,333.17463777260264,81000,66393.44262295082,56.68299510146956,46.461471394647184,0,0.0,0.0,0.0,36910,30254.09836065574,25.82925122463261,21.171517397239846,294400,241311.47540983607,206.0181945416375,168.8673725751127,69200.0,56721.311475409835,48.42547235829251,39.69301012974796,95967,78661.47540983607,67.15675297410776,55.04651883123588,0,0.0,0.0,0.0,1634879.0,1340064.7540983607,1144.072078376487,937.7639986692517
Plaster Rock,154889.0,126958.19672131148,136.46607929515417,111.85744204520836,141450,115942.62295081967,124.62555066079295,102.15209070556799,120072,98419.67213114754,105.79030837004406,86.71336751642956,0,0.0,0.0,0.0,500,409.8360655737705,0.44052863436123346,0.3610890445583881,3600,2950.8196721311474,3.171806167400881,2.599841120820394,164839,135113.9344262295,145.23259911894274,119.04311403192027,54845,44954.91803278689,48.3215859030837,39.60785729760959,0,0.0,0.0,0.0,101028,82809.83606557378,89.0114537444934,72.96020798728968,390736,320275.4098360656,344.2607929515419,282.1809778291327,204832.0,167895.08196721313,180.46872246696034,147.9251823499675,0,0.0,0.0,0.0,0,0.0,0.0,0.0,1336791.0,1095730.3278688525,1177.7894273127754,965.4011699285045
Pointe-Verte,279653.0,229223.7704918033,286.5297131147541,234.86042058586403,201454,165126.22950819673,206.4077868852459,169.186710561677,26365,21610.655737704918,27.013319672131146,22.14206530502553,0,0.0,0.0,0.0,0,0.0,0.0,0.0,6539,5359.836065573771,6.699795081967213,5.49163531308788,159080,130393.44262295082,162.99180327868854,133.5998387530234,64256,52668.852459016394,65.8360655737705,53.963988175221715,0,0.0,0.0,0.0,37458,30703.27868852459,38.37909836065574,31.458277344799786,4882,4001.6393442622953,5.002049180327869,4.100040311744155,18797.0,15407.377049180328,19.25922131147541,15.78624697661919,0,0.0,0.0,0.0,0,0.0,0.0,0.0,798484.0,654495.0819672131,818.1188524590164,670.5892233270625
Port Elgin,114084.0,93511.47540983607,272.9282296650718,223.7116636598949,55473,45469.67213114754,132.71052631578948,108.77911993097499,92770,76040.98360655738,221.9377990430622,181.91622872382146,7000,5737.704918032787,16.74641148325359,13.726566789552122,2200,1803.2786885245903,5.2631578947368425,4.3140638481449525,0,0.0,0.0,0.0,96938,79457.37704918033,231.9090909090909,190.08941877794337,28819,23622.131147540986,68.94497607655502,56.51227547258609,0,0.0,0.0,0.0,12117,9931.967213114754,28.98803827751196,23.760687112714724,27400,22459.016393442624,65.55023923444976,53.729704290532595,25600.0,20983.60655737705,61.24401913875598,50.2000156875049,0,0.0,0.0,0.0,2194,1798.360655737705,5.248803827751196,4.302298219468193,464595.0,380815.5737704918,1111.4712918660287,911.0420425131383
Quispamsis,1962457.0,1608571.31147541,109.72028402102202,89.93465903362461,2809484,2302855.7377049183,157.07726713630774,128.75185830844896,2107978,1727850.8196721312,117.85631219948563,96.60353458974232,12720,10426.229508196722,0.711170748071117,0.5829268426812435,166393,136387.7049180328,9.302974393380298,7.625388847033031,328684,269413.11475409835,18.37660740243766,15.062792952817754,3668685,3007118.8524590163,205.1148943307615,168.12696256619793,155974,127847.54098360657,8.720451749972046,7.14791127046889,0,0.0,0.0,0.0,814236,667406.5573770492,45.523649781952365,37.314467034387185,3572686,2928431.1475409837,199.74762383987476,163.72756052448753,2327434.0,1907732.786885246,130.1260203511126,106.66067241894476,2807000,2300819.6721311477,156.93838756569383,128.63802259483103,0,0.0,0.0,0.0,20733731.0,16994861.475409836,1159.2156435200716,950.1767569836652
Rexton,241330.0,197811.47540983607,295.0244498777506,241.82331957192673,106026,86906.55737704918,129.6161369193154,106.24273517976671,74140,60770.49180327869,90.6356968215159,74.29155477173434,0,0.0,0.0,0.0,1000,819.672131147541,1.2224938875305624,1.0020441701070184,4900,4016.3934426229507,5.990220048899755,4.910016433524389,320768,262924.59016393445,392.1369193154034,321.4237043568881,82228,67400.0,100.52322738386309,82.3960880195599,0,0.0,0.0,0.0,45166,37021.311475409835,55.215158924205376,45.258326987053586,150632,123468.8524590164,184.14669926650367,150.9399174315604,72702.0,59591.80327868852,88.87775061124694,72.85061525512045,3000,2459.016393442623,3.667481662591687,3.006132510321055,4435,3635.2459016393445,5.421760391198044,4.444065894424627,1106327.0,906825.4098360656,1352.4779951100245,1108.5885205819873
Richibucto,423579.0,347195.9016393443,329.3771384136858,269.9812609948245,353114,289437.7049180328,274.5832037325039,225.0681997807409,88728,72727.86885245903,68.99533437013997,56.553552762409815,0,0.0,0.0,0.0,190,155.7377049180328,0.14774494556765164,0.12110241439971446,2450,2008.1967213114754,1.9051321928460343,1.561583764627897,251935,206504.09836065574,195.90590979782272,160.57861458837928,113000,92622.95081967213,87.86936236391912,72.02406751140911,0,0.0,0.0,0.0,197313,161731.96721311475,153.43157076205287,125.76358259184661,210435,172487.7049180328,163.6353032659409,134.12729775896796,187405.0,153610.65573770492,145.72706065318818,119.44841037146573,0,0.0,0.0,0.0,0,0.0,0.0,0.0,1828149.0,1498482.786885246,1421.5777604976672,1165.2276725390716
Riverside-Albert,117430.0,96254.09836065574,332.6628895184136,272.67449960525704,39360,32262.295081967215,111.5014164305949,91.39460363163516,81550,66844.26229508196,231.0198300283286,189.3605164166628,0,0.0,0.0,0.0,600,491.8032786885246,1.6997167138810199,1.3932104212139507,2100,1721.311475409836,5.949008498583569,4.876236474248827,61500,50409.83606557377,174.22096317280455,142.80406817442994,32000,26229.508196721312,90.65155807365439,74.30455579807737,0,0.0,0.0,0.0,21521,17640.16393442623,60.96600566572238,49.972135791575724,32070,26286.88524590164,90.84985835694052,74.46709701388568,23577.0,19325.409836065573,66.79036827195468,54.74620350160219,0,0.0,0.0,0.0,13767,11284.426229508197,39.0,31.9672131147541,425475.0,348750.0,1205.311614730878,987.9603399433428
Riverview,1821909.0,1493368.0327868853,95.2482747804266,78.07235637739885,3223453,2642174.5901639345,168.52012756168966,138.13125209974564,2409776,1975226.2295081967,125.98159765788373,103.26360463760962,300000,245901.6393442623,15.683814303638645,12.855585494785775,10000,8196.72131147541,0.5227938101212881,0.4285195164928592,431264,353495.08196721313,22.54621497281472,18.480504076077644,3118549,2556187.704918033,163.03581137599332,133.63591096392895,803727,658792.6229508197,42.01835006273526,34.44127054322562,0,0.0,0.0,0.0,873201,715738.524590164,45.65040777917189,37.41836703210811,3740921,3066328.6885245903,195.57303429527394,160.3057658157983,4135585.0,3389823.7704918035,216.20582392304476,177.2178884615121,2798702,2294018.0327868853,146.31440819740695,119.92984278475978,0,0.0,0.0,0.0,23667087.0,19399251.639344264,1237.3006587202008,1014.1808678034433
Rivière-Verte,134379.0,110146.72131147541,180.61693548387098,148.04666842940244,98154,80454.09836065574,131.92741935483872,108.13722897937599,55230,45270.49180327869,74.23387096774194,60.8474352194606,62395,51143.442622950824,83.86424731182795,68.74118632117046,0,0.0,0.0,0.0,200,163.9344262295082,0.26881720430107525,0.2203419707385863,105433,86420.4918032787,141.71102150537635,116.15657500440685,28791,23599.180327868853,38.69758064516129,31.71932839767319,0,0.0,0.0,0.0,32857,26931.967213114756,44.16263440860215,36.19888066278865,48854,40044.26229508197,65.66397849462365,53.82293319231448,33157.0,27177.868852459018,44.56586021505376,36.52939361889653,0,0.0,0.0,0.0,6890,5647.540983606557,9.260752688172044,7.590780891944298,606340.0,497000.0,814.9731182795699,668.010752688172
Rogersville,250736.0,205521.31147540984,214.3042735042735,175.65924057727335,169790,139172.131147541,145.1196581196581,118.95053944234273,118731,97320.4918032787,101.47948717948718,83.17990752416982,0,0.0,0.0,0.0,0,0.0,0.0,0.0,5000,4098.360655737705,4.273504273504273,3.502872355331372,283500,232377.0491803279,242.30769230769232,198.61286254728878,71200,58360.65573770492,60.85470085470085,49.880902339918734,0,0.0,0.0,0.0,64600,52950.81967213115,55.21367521367522,45.257110830881324,69090,56631.147540983606,59.05128205128205,48.402690205968895,75594.0,61962.29508196721,64.61025641025641,52.95922656578394,0,0.0,0.0,0.0,0,0.0,0.0,0.0,1108241.0,908394.262295082,947.2145299145299,776.4053523889589
Rothesay,1784505.0,1462709.0163934426,149.36846070143133,122.43316450936993,2054009,1683613.9344262294,171.9267598560308,140.92357365248427,1658364,1359314.7540983607,138.81007784381015,113.77875233099194,250000,204918.03278688525,20.925755419770653,17.152258540795618,122363,100297.54098360657,10.242152841717585,8.395207247309498,31800,26065.573770491803,2.661756089394827,2.1817672863892024,3192773,2617027.049180328,267.2447476353896,219.0530718322866,822100,673852.4590163934,68.81225412237382,56.403486985552306,0,0.0,0.0,0.0,958246,785447.5409836066,80.2080857118942,65.74433255073295,1398368,1146203.2786885246,117.0476270193354,95.94067788470115,1007747.0,826022.131147541,84.35146898803046,69.14054835084464,2619725,2147315.573770492,219.2788984682347,179.7368020231432,0,0.0,0.0,0.0,15900000.0,13032786.885245902,1330.8780446974135,1090.8836431946013
Sackville,1222478.0,1002031.1475409836,219.94926232457718,180.28628059391573,1618025,1326250.0,291.11640878013674,238.6200071968334,367473,301207.37704918033,66.11604893846707,54.19348273644842,336000,275409.8360655738,60.45340050377834,49.55196762604782,16000,13114.754098360656,2.878733357322778,2.359617506002277,30400,24918.032786885247,5.469593378913278,4.483273261404326,1733944,1421265.5737704919,311.9726520331054,255.7152885517258,323491,265156.5573770492,58.202770780856426,47.70718916463641,0,0.0,0.0,0.0,895516,734029.5081967213,161.12198632601655,132.06720190657094,1246526,1021742.6229508197,224.27599856063333,183.83278570543715,806086.0,660726.2295081967,145.03166606693054,118.87841480895946,1112000,911475.4098360656,200.07196833393306,163.99341666715827,0,0.0,0.0,0.0,9707939.0,7957327.049180328,1746.6604893846707,1431.68892572514
Saint Andrews,720491.0,590566.393442623,381.41397564849126,312.6344062692551,357470,293008.1967213115,189.23769190047645,155.11286221350528,184415,151159.83606557376,97.62572789835892,80.0210884412778,326886,267939.3442622951,173.04711487559555,141.84189743901277,2000,1639.344262295082,1.0587612493382743,0.8678370896215363,48600,39836.065573770495,25.727898358920065,21.088441277803334,692873,567928.6885245902,366.793541556379,300.65044389867137,128000,104918.03278688525,67.76071995764956,55.54157373577832,73360,60131.147540983606,38.835362625727896,31.83226444731795,82870,67926.22950819672,43.86977236633139,35.95882980846835,760238,623145.9016393443,402.45526733721545,329.8813666698488,251446.0,206103.2786885246,133.11064055055584,109.1070824184884,53300,43688.524590163935,28.21598729486501,23.12785843841394,0,0.0,0.0,0.0,3681949.0,3017990.9836065574,1949.1524616199047,1597.6659521474628
Saint George,383894.0,314667.2131147541,248.79714841218404,203.93208886244597,228000,186885.24590163934,147.76409591704473,121.1181114074137,172098,141063.9344262295,111.53467271548931,91.4218628815486,30000,24590.16393442623,19.44264419961115,15.936593606238645,1000,819.672131147541,0.6480881399870383,0.5312197868746215,12950,10614.754098360656,8.392741412832144,6.879296240026348,563559,461933.6065573771,365.2359040829553,299.37369187127484,107500,88114.75409836066,69.66947504860661,57.10612708902181,58792,48190.16393442623,38.10239792611795,31.231473709932747,92938,76178.68852459016,60.23201555411536,49.37050455255358,114150,93565.5737704918,73.97926117952042,60.63873867173804,38959.0,31933.60655737705,25.248865845755024,20.69579167684838,1958,1604.9180327868853,1.2689565780946208,1.040128342700509,0,0.0,0.0,0.0,1805798.0,1480162.2950819673,1170.3162670123136,959.2756286986178
Saint John,13660470.0,11197106.55737705,194.97409474330246,159.8148317568053,22724065,18626282.786885247,324.3375961634529,265.85048865856794,20743567,17002923.770491805,296.0702082411544,242.6804985583233,2200000,1803278.68852459,31.400311148537746,25.73795995781782,2512610,2059516.393442623,35.86215263405792,29.395207077096657,1615787,1324415.5737704919,23.061915704437435,18.903209593801176,26876133,22029617.213114753,383.59951757703783,314.4258340795392,5746840,4710524.590163935,82.0238927822103,67.23269900181172,0,0.0,0.0,0.0,9676202,7931313.1147540985,138.10716069822874,113.20259073625307,8909078,7302522.950819672,127.15810056663288,104.22795128412531,15680347.0,12852743.44262295,223.80353396229108,183.44551964122218,14220080,11655803.278688526,202.96133479868118,166.3617498349846,77474,63503.278688524595,1.1057762299644605,0.9063739589872628,144642653.0,118559551.63934426,2064.4655952499893,1692.1849141393354
Saint-Antoine,227271.0,186287.7049180328,128.40169491525424,105.24729091414282,190158,155867.2131147541,107.43389830508474,88.060572381217,122750,100614.75409836066,69.35028248587571,56.844493840881725,9000,7377.049180327869,5.084745762711864,4.167824395665463,0,0.0,0.0,0.0,11919,9769.672131147541,6.733898305084746,5.519588774659628,454132,372239.3442622951,256.57175141242936,210.30471427248312,119100,97622.95081967213,67.28813559322033,55.154209502639624,0,0.0,0.0,0.0,69601,57050.0,39.322598870056495,32.23163841807909,113219,92802.45901639345,63.965536723163844,52.430767805872,102994.0,84421.31147540984,58.188700564971754,47.69565620079652,6480,5311.475409836065,3.6610169491525424,3.000833564879133,0,0.0,0.0,0.0,1426624.0,1169363.9344262294,806.0022598870056,660.6575900713161
Saint-François-de-Madawaska,118010.0,96729.50819672132,221.40712945590994,181.48125365238522,71955,58979.50819672131,135.0,110.65573770491804,91052,74632.7868852459,170.82926829268294,140.02399040383847,65000,53278.688524590165,121.95121951219512,99.96001599360257,1200,983.6065573770492,2.25140712945591,1.8454156798818935,550,450.81967213114757,1.0318949343339587,0.8458155199458679,86759,71113.9344262295,162.7748592870544,133.42201580906098,28700,23524.590163934427,53.84615384615385,44.13619167717528,0,0.0,0.0,0.0,37235,30520.491803278688,69.85928705440901,57.26171070033525,251927,206497.54098360657,472.6585365853659,387.42502998800484,77889.0,63843.442622950824,146.13320825515947,119.781318241934,6000,4918.032786885246,11.25703564727955,9.227078399409468,2854,2339.344262295082,5.354596622889305,4.389013625319103,839131.0,687812.2950819673,1574.3545966228894,1290.454587395811
Saint-Hilaire,127321.0,104361.47540983607,878.0758620689655,719.7343131712832,28413,23289.344262295082,195.95172413793102,160.61616732617298,8958,7342.622950819672,61.779310344827586,50.638778971170154,15000,12295.081967213115,103.44827586206897,84.79366873940079,0,0.0,0.0,0.0,0,0.0,0.0,0.0,101417,83128.68852459016,699.4275862068965,573.3013001695873,12885,10561.475409836066,88.86206896551724,72.83776144714528,0,0.0,0.0,0.0,20398,16719.67213114754,140.67586206896553,115.30808366308649,10000,8196.72131147541,68.96551724137932,56.52911249293386,0.0,0.0,0.0,0.0,0,0.0,0.0,0.0,0,0.0,0.0,0.0,324392.0,265895.08196721313,2237.1862068965515,1833.7591859807803
Saint-Isidore,230985.0,189331.96721311475,308.8034759358289,253.11760322608924,97910,80254.09836065574,130.8957219251337,107.29157534847025,86337,70768.03278688525,115.42379679144385,94.60966950118349,0,0.0,0.0,0.0,0,0.0,0.0,0.0,1000,819.672131147541,1.3368983957219251,1.095818357149119,294487,241382.7868852459,393.69919786096256,322.7042605417726,39967,32759.83606557377,53.43181818181818,43.796572280178836,0,0.0,0.0,0.0,33381,27361.475409836065,44.62700534759358,36.57951257999474,62354,51109.83606557377,83.36096256684492,68.32865784167616,57812.0,47386.88524590164,77.28877005347593,63.351450863504866,37000,30327.868852459018,49.46524064171123,40.5452792145174,0,0.0,0.0,0.0,941233.0,771502.4590163935,1258.3328877005347,1031.420399754537
Saint-Louis-de-Kent,245068.0,200875.40983606558,263.51397849462364,215.99506433985545,121770,99811.47540983607,130.93548387096774,107.32416710735062,98634,80847.54098360657,106.05806451612904,86.93283976731888,0,0.0,0.0,0.0,0,0.0,0.0,0.0,3650,2991.8032786885246,3.924731182795699,3.21699277278336,188317,154358.19672131148,202.49139784946237,165.9765556143134,76097,62374.59016393443,81.8247311827957,67.06945178917681,0,0.0,0.0,0.0,42326,34693.44262295082,45.51182795698925,37.30477701392561,450332,369124.59016393445,484.22795698924733,396.9081614665962,42504.0,34839.34426229508,45.70322580645161,37.461660497091486,9220,7557.377049180328,9.913978494623656,8.126211880839062,0,0.0,0.0,0.0,1277918.0,1047473.7704918033,1374.105376344086,1126.3158822492508
Saint-Léolin,135931.0,111418.8524590164,278.547131147541,228.31732061273854,90159,73900.81967213115,184.75204918032787,151.43610588551465,42000,34426.229508196724,86.06557377049181,70.54555227089493,0,0.0,0.0,0.0,1000,819.672131147541,2.0491803278688523,1.6796560064498791,0,0.0,0.0,0.0,78200,64098.360655737706,160.24590163934425,131.34909970438054,39100,32049.180327868853,80.12295081967213,65.67454985219027,0,0.0,0.0,0.0,12000,9836.065573770493,24.59016393442623,20.155872077398552,16000,13114.754098360656,32.78688524590164,26.874496103198066,16110.0,13204.918032786885,33.01229508196721,27.05925826390755,0,0.0,0.0,0.0,0,0.0,0.0,0.0,430500.0,352868.85245901643,882.172131147541,723.091910776673
Saint-Léonard,229891.0,188435.24590163934,171.1772151898734,140.30919277858476,166296,136308.19672131148,123.82427401340283,101.49530656836298,89800,73606.55737704918,66.86522710349963,54.80756319958986,36000,29508.196721311477,26.805658972449738,21.971851616762084,0,0.0,0.0,0.0,500,409.8360655737705,0.37230081906180196,0.30516460578836224,231349,189630.32786885247,172.26284437825763,141.19905276906366,59061,48410.65573770492,43.97691734921817,36.046653564932924,0,0.0,0.0,0.0,40529,33220.49180327869,30.17795979151154,24.736032615993068,411339,337163.11475409835,306.2836932241251,251.05220756075826,288946.0,236840.9836065574,215.14966492926285,176.35218436824823,66947,54874.59016393443,49.84884586746091,40.859709727426974,0,0.0,0.0,0.0,1620658.0,1328408.1967213114,1206.7446016381236,989.1349193755111
Saint-Quentin,518797.0,425243.4426229508,247.63579952267304,202.98016354317463,372540,305360.65573770495,177.82338902147973,145.75687624711452,111210,91155.73770491804,53.08353221957041,43.51109198325443,13440,11016.393442622952,6.41527446300716,5.258421690989476,2450,2008.1967213114754,1.1694510739856803,0.9585664540866231,3130,2565.5737704918033,1.494033412887828,1.2246175515474,343880,281868.8524590164,164.14319809069212,134.54360499237058,135050,110696.72131147541,64.46300715990454,52.838530458938145,0,0.0,0.0,0.0,157620,129196.72131147541,75.23627684964201,61.66907938495246,316350,259303.2786885246,151.00238663484487,123.77244806134826,165157.0,135374.59016393442,78.83389021479714,64.61794279901405,10000,8196.72131147541,4.77326968973747,3.912516139129074,0,0.0,0.0,0.0,2149624.0,1761986.8852459018,1026.073508353222,841.0438593059197
Sainte-Anne-de-Madawaska,227802.0,186722.95081967214,227.34730538922156,186.35025031903407,131979,108179.50819672132,131.71556886227546,107.96358103465201,57200,46885.24590163935,57.08582834331337,46.791662576486374,66475,54487.70491803279,66.34231536926147,54.37894702398482,0,0.0,0.0,0.0,0,0.0,0.0,0.0,192500,157786.88524590165,192.11576846307386,157.4719413631753,49500,40573.77049180328,49.40119760479042,40.49278492195936,0,0.0,0.0,0.0,17250,14139.344262295082,17.21556886227545,14.111122018258566,31000,25409.83606557377,30.93812375249501,25.35911782991394,30237.0,24784.426229508197,30.176646706586826,24.73495631687445,0,0.0,0.0,0.0,0,0.0,0.0,0.0,803943.0,658969.6721311476,802.3383233532934,657.6543634043389
Sainte-Marie-Saint-Raphaël,218737.0,179292.62295081967,229.04397905759163,187.74096644064886,122139,100113.9344262295,127.89424083769633,104.83134494893142,42246,34627.86885245902,44.236649214659685,36.2595485366063,0,0.0,0.0,0.0,0,0.0,0.0,0.0,0,0.0,0.0,0.0,129249,105941.80327868853,135.3392670157068,110.9338254227105,54764,44888.524590163935,57.34450261780105,47.00369067032873,0,0.0,0.0,0.0,11948,9793.44262295082,12.510994764397905,10.25491374130976,15995,13110.655737704918,16.74869109947644,13.728435327439705,151771.0,124402.45901639345,158.92251308900524,130.2643549909879,0,0.0,0.0,0.0,74444,61019.67213114754,77.95183246073299,63.89494463994507,821293.0,673190.9836065574,859.9926701570681,704.9120247189082
Salisbury,265647.0,217743.44262295082,120.31114130434783,98.61568959372772,265392,217534.42622950822,120.19565217391305,98.52102637205988,112600,92295.08196721312,50.9963768115942,41.80030886196246,0,0.0,0.0,0.0,7500,6147.540983606557,3.3967391304347827,2.7842124019957235,7000,5737.704918032787,3.170289855072464,2.598598241862675,542400,444590.16393442627,245.65217391304347,201.35424091233074,123528,101252.45901639345,55.94565217391305,45.85709194583037,0,0.0,0.0,0.0,66618,54604.91803278689,30.171195652173914,24.730488239486817,159500,130737.70491803279,72.2373188405797,59.210917082442386,64783.0,53100.81967213115,29.340126811594203,24.049284271798527,0,0.0,0.0,0.0,24472,20059.016393442624,11.083333333333334,9.084699453551913,1639440.0,1343803.2786885246,742.5,608.6065573770492
Shediac,1650143.0,1352576.2295081967,272.6157277383116,223.45551453959965,1172200,960819.6721311476,193.65603832810177,158.73445764598506,496106,406644.262295082,81.96035023955064,67.18061495045134,205000,168032.7868852459,33.86750371716504,27.76024894849594,22200,18196.72131147541,3.6676028415661657,3.0062318373493158,26000,21311.475409836065,4.295390715347762,3.52081206176046,1637800,1342459.0163934426,270.57657359986786,221.78407672120315,298462,244640.9836065574,49.308111680158596,40.41648498373656,0,0.0,0.0,0.0,1005202,823936.0655737706,166.0667437634231,136.12028177329762,1629530,1335680.3278688525,269.21030893771683,220.66418765386626,967273.0,792846.7213114754,159.80059474640674,130.98409405443175,727864,596609.8360655737,120.24847183214935,98.5643211738929,0,0.0,0.0,0.0,9837780.0,8063754.098360656,1625.2734181397655,1332.19132634407
Shippagan,877600.0,719344.262295082,337.1494429504418,276.35200241839493,575500,471721.31147540984,221.09104878985787,181.22217113922775,166850,136762.29508196723,64.09911640414906,52.54025934766317,100000,81967.21311475411,38.417210910487896,31.489517139744184,5500,4508.196721311476,2.1129466000768344,1.73192344268593,4500,3688.5245901639346,1.7287744909719553,1.417028271288488,820700,672704.9180327869,315.2900499423742,258.4344671658805,110500,90573.77049180328,42.451018056089126,34.79591643941732,0,0.0,0.0,0.0,123700,101393.44262295082,47.52208989627353,38.952532701863554,877200,719016.393442623,336.99577410679984,276.22604434983595,535364.0,438822.95081967214,205.67191701882444,168.58353854002004,17400,14262.295081967213,6.6845946984248945,5.479175982315487,0,0.0,0.0,0.0,4214814.0,3454765.573770492,1619.2139838647713,1327.2245769383373
St. Martins,86001.0,70492.62295081967,273.88853503184714,224.49879920643207,47478,38916.39344262295,151.20382165605096,123.937558734468,121062,99231.14754098361,385.54777070063693,316.02276286937456,0,0.0,0.0,0.0,1500,1229.5081967213116,4.777070063694268,3.9156311997494,0,0.0,0.0,0.0,43490,35647.54098360656,138.5031847133758,113.52720058473426,42345,34709.016393442624,134.85668789808918,110.53826876892555,14095,11553.27868852459,44.888535031847134,36.79388117364519,19000,15573.77049180328,60.50955414012739,49.59799519682573,86325,70758.19672131148,274.9203821656051,225.34457554557798,14925.0,12233.60655737705,47.531847133757964,38.96053043750653,48500,39754.09836065574,154.45859872611464,126.60540879189726,0,0.0,0.0,0.0,524721.0,430099.18032786885,1671.0859872611466,1369.7426125091365
St. Stephen,1012253.0,829715.5737704919,210.14178949553664,172.2473684389645,1287170,1055057.3770491804,267.2140336308906,219.02789641876282,813844,667085.2459016393,168.95246003736764,138.4856229814489,125000,102459.01639344262,25.94976126219639,21.270296116554416,0,0.0,0.0,0.0,149883,122854.91803278688,31.11542453809425,25.504446342700202,1748516,1433209.8360655739,362.98858210504466,297.5316246762661,273205,223938.52459016393,56.716836205106915,46.48921000418599,0,0.0,0.0,0.0,279970,229483.60655737706,58.12123728461698,47.64035843001392,773662,634149.1803278689,160.61075358106706,131.64815867300578,930142.0,762411.475409836,193.09570271953498,158.27516616355325,139020,113950.81967213115,28.860286485364334,23.65597252898716,0,0.0,0.0,0.0,7532665.0,6174315.573770492,1563.7668673448204,1281.7761207744431
Stanley,114922.0,94198.3606557377,274.2768496420048,224.81708987049572,53259,43654.91803278689,127.10978520286396,104.18834852693769,91200,74754.09836065574,217.66109785202863,178.4107359442858,0,0.0,0.0,0.0,0,0.0,0.0,0.0,7800,6393.44262295082,18.615751789976134,15.258812942603388,77863,63822.13114754098,185.83054892601433,152.32012207050354,32480,26622.950819672133,77.51789976133652,63.53926209945617,0,0.0,0.0,0.0,8300,6803.2786885245905,19.809069212410503,16.23694197738566,35500,29098.360655737706,84.72553699284009,69.44716146954106,25244.0,20691.803278688527,60.24821002386635,49.38377870808718,0,0.0,0.0,0.0,13914,11404.918032786885,33.20763723150358,27.21937477992097,460482.0,377444.262295082,1099.002386634845,900.8216283892172
Sussex,721639.0,591507.3770491803,167.3559833024119,137.17703549378024,1039925,852397.5409836066,241.16999072356217,197.68032026521487,357524,293052.45901639346,82.91372912801484,67.96207305574987,65000,53278.688524590165,15.074211502782932,12.355911067854862,7550,6188.524590163935,1.7509276437847867,1.4351865932662187,36300,29754.09836065574,8.418367346938776,6.900301104048177,1413636,1158718.0327868853,327.8376623376623,268.71939535873963,388500,318442.62295081967,90.09740259740259,73.85032999787099,0,0.0,0.0,0.0,294050,241024.59016393442,68.19341372912801,55.89624076158034,1175550,963565.5737704919,272.62291280148423,223.46140393564283,385600.0,316065.5737704918,89.42486085343228,73.29906627330516,135000,110655.73770491804,31.307977736549166,25.662276833237023,0,0.0,0.0,0.0,6020274.0,4934650.819672131,1396.167439703154,1144.3995407402901
Sussex Corner,250516.0,205340.9836065574,167.56923076923076,137.3518284993695,173799,142458.19672131148,116.25351170568563,95.28976369318494,49500,40573.77049180328,33.11036789297659,27.13964581391524,40000,32786.88524590164,26.755852842809364,21.931026920335547,12500,10245.901639344263,8.361204013377927,6.853445912604858,3850,3155.7377049180327,2.5752508361204014,2.110861341082296,293400,240491.80327868855,196.2541806020067,160.86408246066122,99475,81536.88524590163,66.53846153846153,54.539722572509454,0,0.0,0.0,0.0,59900,49098.360655737706,40.06688963210702,32.84171281320248,63343,51920.49180327869,42.36989966555184,34.72942595537036,98700.0,80901.6393442623,66.0200668896321,54.11480892592795,40837,33472.95081967213,27.31571906354515,22.389933658643564,0,0.0,0.0,0.0,1185820.0,971983.606557377,793.190635451505,650.1562585668074
Tide Head,194253.0,159223.77049180327,187.50289575289574,153.69089815811125,132225,108381.14754098361,127.63030888030887,104.61500727894172,47353,38813.93442622951,45.70752895752896,37.465187670105706,41636,34127.86885245902,40.189189189189186,32.94195835179442,505,413.93442622950823,0.4874517374517375,0.39955060446863727,1805,1479.5081967213116,1.7422779922779923,1.428096714981961,159249,130531.96721311475,153.71525096525096,125.99610734856637,51383,42117.2131147541,49.59749034749035,40.65368061269701,0,0.0,0.0,0.0,24039,19704.09836065574,23.203667953667953,19.019399962022913,55292,45321.311475409835,53.37065637065637,43.74643964807899,12779.0,10474.590163934427,12.334942084942085,10.110608266345972,70231,57566.39344262295,67.79054054054055,55.566016836508645,0,0.0,0.0,0.0,790750.0,648155.737704918,763.2722007722008,625.6329514526236
Tracadie-Sheila,1100730.0,902237.7049180329,223.13602270423678,182.89837926576786,1026000,840983.606557377,207.98702615041557,170.48116897575045,217500,178278.68852459016,44.09081694709102,36.14001389105821,69000,56557.37704918033,13.987431583215082,11.46510785509433,12000,9836.065573770493,2.4325967970808837,1.9939318008859706,5000,4098.360655737705,1.0135819987837016,0.830804917035821,1410000,1155737.7049180327,285.83012365700387,234.28698660410151,214384,175724.59016393442,43.45915264544902,35.62225626676149,0,0.0,0.0,0.0,844463,692182.7868852459,171.1864990877762,140.3168025309641,1019733,835846.7213114754,206.71660247314009,169.43983809273777,469054.0,384470.4918032787,95.08493817149808,77.938473911064,481447,394628.68852459016,97.59720251368336,79.99770697842898,0,0.0,0.0,0.0,6869311.0,5630582.786885246,1392.5219947293735,1141.4114710896504
Tracy,65633.0,53797.54098360656,107.4189852700491,88.04834858200746,76137,62407.37704918033,124.61047463175123,102.13973330471413,38500,31557.37704918033,63.0114566284779,51.64873494137534,0,0.0,0.0,0.0,0,0.0,0.0,0.0,2400,1967.2131147540983,3.927986906710311,3.2196613989428777,128584,105396.72131147541,210.44844517184941,172.49872555069626,46743,38313.93442622951,76.50245499181669,62.70693032116123,0,0.0,0.0,0.0,2400,1967.2131147540983,3.927986906710311,3.2196613989428777,21758,17834.426229508197,35.61047463175123,29.188913632582974,0.0,0.0,0.0,0.0,0,0.0,0.0,0.0,0,0.0,0.0,0.0,382155.0,313241.8032786885,625.4582651391162,512.6707091304231
Woodstock,659000.0,540163.9344262296,125.428245146555,102.81003700537296,1614470,1323336.0655737706,307.28397411496,251.87210993029512,539361,442099.18032786885,102.65721355157974,84.1452570094916,128000,104918.03278688525,24.362390559573658,19.969172589814473,0,0.0,0.0,0.0,8000,6557.377049180328,1.5226494099733536,1.2480732868634046,1346022,1103296.7213114754,256.1899505138942,209.9917627163067,288969,236859.83606557376,54.99980966882375,45.0818112039539,0,0.0,0.0,0.0,315837,258882.7868852459,60.11362771221926,49.273465337884645,1514960,1241770.4918032787,288.344118766654,236.34763833332292,192573.0,157846.7213114754,36.65264560334983,30.0431521338933,953000,781147.5409836066,181.38561096307575,148.6767302976031,0,0.0,0.0,0.0,7560192.0,6196878.68852459,1438.9402360106585,1179.459209844802
