cpi_2002,cpi_deflator_2002,municipality,police_provider_2024,latest_census_pop,penult_census_pop,average_tax_rate,rateable_tax_base,rateable_tax_base_adj,rateable_tax_base_capita,rateable_tax_base_capita_adj,general_govt_exp,police_exp,fire_protection_exp,water_cost_exp,emergency_exp,other_protection_exp,transportation_exp,environ_health_exp,public_health_exp,environ_dev_exp,rec_and_culture_exp,debt_exp,transfers_exp,deficits_exp,total_exp,warrant_rev,uncond_grant_rev,other_govt_serv_rev,sale_of_serv_rev,own_source_rev,cond_transfer_rev,other_transfer_rev,biennial_surplus_rev,total_rev
125.4,0.7974481658692185,Alma,PPSA,232,301,0.01462035079256088,25704650,20498125.99681021,110795.9051724138,88353.99136556125,90092.0,47822,46678,0,2000,1000,102719,31112,100,12663,49020,25444.0,15,0,408665.0,375811,3953,12820,12000,3500,0,0,581,408665
125.4,0.7974481658692185,Aroostook,PPSA,351,346,0.01229999829894364,8818050,7031937.799043062,25122.649572649574,20034.010823484507,69714.0,45767,16500,18000,0,0,34641,24308,0,0,1000,400.0,17964,6098,234392.0,108462,120675,0,200,5055,0,0,0,234392
125.4,0.7974481658692185,Atholville,MPSA,1237,1317,0.01455903207014219,125909950,100406658.69218501,101786.54001616815,81169.48964606712,408022.0,347778,114600,159138,5000,3500,431865,86985,0,122974,166900,318250.0,2000,0,2167012.0,1833127,111378,0,61000,105471,0,51100,4936,2167012
125.4,0.7974481658692185,Baker-Brook,PPSA,585,525,0.01338597382449469,23720650,18915988.83572568,40548.11965811966,32335.023650813127,151428.0,71186,52400,22170,0,1161,99556,24015,0,20236,11500,44350.0,53138,0,551140.0,317524,127686,56000,19060,6500,0,0,24370,551140
125.4,0.7974481658692185,Balmoral,PPSA,1719,1706,0.01429099421110364,86743650,69173564.59330143,50461.692844677134,40240.58440564365,388259.0,297102,133740,146000,0,2575,289364,94637,0,33629,239105,149518.0,0,0,1773929.0,1239653,255546,161003,100000,14584,0,0,3143,1773929
125.4,0.7974481658692185,Bas-Caraquet,PPSA,1380,1471,0.01449500000840476,59490100,47440271.132376395,43108.76811594203,34377.008066939416,342398.0,224416,48520,0,1200,4000,334800,84928,0,69761,107400,64506.0,73100,0,1355029.0,862309,313924,88978,0,29290,0,60434,94,1355029
125.4,0.7974481658692185,Bath,PPSA,532,512,0.01440001433309669,22325950,17803787.87878788,41966.07142857143,33465.7666894509,96842.0,84130,37821,0,0,7563,60737,40560,0,25075,68173,29186.0,40514,0,490601.0,321494,115331,2994,13285,22075,10300,4915,207,490601
125.4,0.7974481658692185,Bathurst,municipal,12275,12714,0.01774999993859846,1017889750,811714314.1945773,82923.80855397148,66127.43903825477,3128752.0,5359908,2169719,724383,9000,189080,4740800,375680,0,873587,3047798,3111752.0,250958,321041,24302458.0,18067543,2843307,1216821,1342450,577338,0,254999,0,24302458
125.4,0.7974481658692185,Belledune,PPSA,1548,1711,0.01141399186127244,386339508,308085732.05741626,249573.32558139536,199021.79073476503,910164.0,556493,377600,37554,7000,7000,764500,195000,0,385405,335700,593824.0,865388,0,5035628.0,4409676,343441,33346,120700,14500,7200,8118,98647,5035628
125.4,0.7974481658692185,Beresford,municipal,4351,4264,0.01559269300483935,261532950,208558971.29186603,60108.69914962078,47933.57188964974,717431.0,1028150,125718,240000,0,34500,758406,203346,0,114131,569247,646239.0,607032,0,5044200.0,4078003,780959,72031,59850,23334,11700,0,18323,5044200
125.4,0.7974481658692185,Bertrand,PPSA,1137,1179,0.01438000200412708,56383650,44963038.27751196,49589.84168865436,39545.32830036232,216982.0,187294,51350,0,0,2000,286946,78478,0,90863,138892,97469.0,92930,0,1243204.0,810797,195700,132241,64114,38750,0,0,1602,1243204
125.4,0.7974481658692185,Blacks Harbour,PPSA,982,952,0.01558525107687546,65269850,52049322.169059016,66466.24236252546,53003.38306421488,247411.0,193675,175762,50000,4050,30675,190708,56000,0,83260,316890,87495.0,0,8045,1443971.0,1017247,173926,143242,80000,7669,0,21887,0,1443971
125.4,0.7974481658692185,Blackville,PPSA,990,931,0.01322262390467927,46042450,36716467.3046252,46507.52525252525,37087.340711742625,134233.0,160721,87245,0,0,1500,135618,65069,0,24289,70000,142454.0,122889,0,944018.0,608802,200285,122781,0,6000,0,4408,1742,944018
125.4,0.7974481658692185,Bouctouche,MPSA,2423,2383,0.01167499941324366,206644550,164788317.38437003,85284.58522492778,68010.03606453571,575577.0,405000,124250,0,0,14500,712800,181500,0,349118,1260385,312048.0,0,155324,4090502.0,2412575,50432,164300,1109274,317850,36000,71,0,4090502
125.4,0.7974481658692185,Cambridge-Narrows,PPSA,620,717,0.01067300233052666,92618550,73858492.82296652,149384.75806451612,119126.60132736535,183293.0,121348,85147,0,0,2000,306798,78270,12000,55738,32600,1400.0,128782,0,1007376.0,988518,1869,8352,0,4033,0,563,4041,1007376
125.4,0.7974481658692185,Campbellton,MPSA,7385,7384,0.01750400035470187,577386300,460435645.9330144,78183.65605958023,62347.41312566207,1385770.0,2243073,894937,25000,4250,101469,3354663,473662,0,384482,2596569,1766552.0,301998,0,13532425.0,10106570,1691515,184857,562631,456936,52000,407112,70804,13532425
125.4,0.7974481658692185,Canterbury,PPSA,336,360,0.01369478405355139,12608450,10054585.326953748,37525.14880952381,29924.36109212425,83662.0,50842,97680,0,0,4800,42025,29200,0,2700,14415,28221.0,0,0,353545.0,172670,93758,84669,0,0,0,0,2448,353545
125.4,0.7974481658692185,Cap-Pelé,PPSA,2256,2279,0.01240400014837053,187503545,149524358.0542265,83113.2734929078,66278.52750630607,540927.0,391202,142983,0,5000,0,485187,134904,13500,184486,734565,188448.0,187984,0,3009186.0,2325794,44278,77987,353000,61907,0,113076,33144,3009186
125.4,0.7974481658692185,Caraquet,PPSA,4169,4156,0.01471700128725291,352922100,281437081.3397129,84653.89781722236,67507.09554802421,1327898.0,965714,184312,69000,7359,24850,1342529,227562,0,859640,728828,709515.0,233443,0,6680650.0,5193955,888249,203523,117600,216145,6000,42914,12264,6680650
125.4,0.7974481658692185,Centreville,PPSA,542,523,0.0132531931319281,34131850,27218381.180223286,62973.89298892989,50218.41546166658,65222.0,102150,44090,0,200,5900,188200,33100,0,32590,55500,52200.0,0,0,579152.0,452356,36492,76994,11900,500,0,0,910,579152
125.4,0.7974481658692185,Charlo,PPSA,1324,1376,0.01430600612447074,73132850,58319657.097288676,55236.291540785496,44048.07937861682,289888.0,259280,130000,4000,4000,3500,448000,88000,0,63830,46000,87269.0,30661,0,1454428.0,1046239,215668,138606,0,29000,0,5127,19788,1454428
125.4,0.7974481658692185,Chipman,PPSA,1236,1291,0.01360000744986474,64430700,51380143.54066986,52128.398058252424,41569.69542125393,436135.0,140651,132353,0,10000,5200,288875,104908,0,6250,244172,69907.0,8550,0,1447001.0,876258,337957,93856,31000,72700,0,0,35230,1447001
125.4,0.7974481658692185,Clair,PPSA,857,848,0.01238212408107483,72584800,57882615.62998405,84696.38273045508,67540.97506415876,283218.0,148091,63605,110000,3000,1400,130639,46000,0,65500,193029,82186.0,72150,0,1198818.0,898754,41408,29185,25000,124750,0,22513,57208,1198818
125.4,0.7974481658692185,Dalhousie,PPSA,3512,3676,0.01707134877252315,213841100,170527192.98245615,60888.69589977221,48555.57886744195,838363.0,788133,353463,367474,5000,25000,1656716,116500,0,487215,825825,613664.0,21000,0,6098353.0,3650556,1618526,107450,202696,38537,9132,454984,16472,6098353
125.4,0.7974481658692185,Dieppe,MPSA,23310,18565,0.01584500017347594,2799696656,2232612963.3173842,120107.10664950665,95779.19190550769,5517779.0,5071915,5373407,1377000,17300,773506,7855942,1100229,0,2649711,7407383,7504073.0,3500031,0,48148276.0,44361194,894784,269613,1203886,821186,0,371833,225780,48148276
125.4,0.7974481658692185,Doaktown,PPSA,793,888,0.01355000820761318,54522550,43478907.49601276,68754.79192938209,54828.3827188055,220947.0,163346,76608,0,1500,1200,221094,63110,0,55405,41900,78400.0,39770,50514,1013794.0,738781,153736,37269,16360,39300,14457,13891,0,1013794
125.4,0.7974481658692185,Dorchester,MPSA,1167,1119,0.01517072717219512,51091750,40743022.32854865,43780.41988003428,34912.61553431761,250297.0,146120,163075,61424,3650,650,140850,42296,3794,25735,148154,45297.0,42000,6365,1079707.0,775099,156147,44665,0,6510,9596,87690,0,1079707
125.4,0.7974481658692185,Drummond,municipal,775,839,0.0125024876722022,54267600,43275598.086124405,70022.70967741935,55839.481401450845,219794.0,112761,104962,39831,3500,9222,74009,108992,0,33436,19557,67716.0,47285,1517,842582.0,678480,4402,146500,0,13200,0,0,0,842582
125.4,0.7974481658692185,Edmundston,municipal,16032,16643,0.01634999980076595,1330093900,1060680940.9888357,82964.93887225549,66160.23833513197,3317000.0,4692878,2104607,536820,7070,1373122,6867238,776263,0,1000671,3674245,4799731.0,1047457,0,30197102.0,21747035,3343133,1371340,1015370,176400,55451,2469360,19013,30197102
125.4,0.7974481658692185,Eel River Crossing,PPSA,1209,1168,0.01339999951421292,41170300,32831180.22328549,34053.184449958644,27155.649481625715,210590.0,189294,84200,52405,3285,1600,199949,69570,0,35215,29203,60021.0,80967,0,1016299.0,551682,327822,128077,0,8706,0,0,12,1016299
125.4,0.7974481658692185,Florenceville-Bristol,PPSA,1639,1539,0.01289899971716124,204887050,163386802.23285487,125007.35204392922,99686.88360759907,401532.0,462222,91700,0,2000,10047,534154,93375,19775,273668,859095,96440.0,444601,0,3288609.0,2642838,118767,142818,277302,68852,4500,23000,10532,3288609
125.4,0.7974481658692185,Fredericton,municipal,56224,50535,0.01412504332261928,6818360822,5437289331.738437,121271.3578187251,96707.62186501204,12238305.0,19268658,13636472,1000612,106135,1258209,18590490,2835340,7150,8141783,6818292,6109333.0,18549343,0,108560122.0,96309642,1713004,879955,6736064,1927337,730019,46585,217516,108560122
125.4,0.7974481658692185,Fredericton Junction,PPSA,752,715,0.01329247946124536,39498500,31498006.37958533,52524.60106382979,41885.64678136347,156260.0,85083,120174,40848,6300,18140,225805,49100,0,2200,21579,72158.0,3689,0,801336.0,525033,91719,113969,0,19392,0,26900,24323,801336
125.4,0.7974481658692185,Gagetown,PPSA,698,719,0.01319999832339245,59644250,47563197.767145135,85450.21489971346,68142.11714490707,244967.0,99257,93261,0,8500,3600,233955,59413,8922,22914,40512,117190.0,12331,0,944822.0,787304,2752,26264,0,66940,0,0,61562,944822
125.4,0.7974481658692185,Grand Bay-Westfield,PPSA,5117,4981,0.01370004043180135,369387450,294567344.49760765,72188.28415086964,57566.41479335698,668141.0,837605,640633,0,13223,21501,1646965,1030,0,349715,548270,401544.0,725000,0,5853627.0,5060623,385281,263581,44200,48423,0,22774,28745,5853627
125.4,0.7974481658692185,Grand Falls/Grand-Sault,municipal,5706,5650,0.01469024173009176,527472600,420632057.41626793,92441.74553101997,73717.50042346091,1336709.0,1928263,232814,180000,0,6000,1866480,265030,0,897078,1793932,1557233.0,435443,0,10498982.0,7748700,793156,733378,988040,129360,0,51890,54458,10498982
125.4,0.7974481658692185,Grand Manan,PPSA,2377,2460,0.0113462285604619,181589150,144807934.6092504,76394.25746739587,60920.46050031569,463718.0,506252,123300,0,6500,15400,417632,307417,12950,27140,281898,198924.0,36194,19582,2416907.0,2060352,249980,7300,50050,31725,17500,0,0,2416907
125.4,0.7974481658692185,Grande-Anse,PPSA,738,758,0.01465998680917418,34342050,27386004.784688994,46533.9430894309,37108.40756732926,244628.0,124651,74060,0,0,0,273237,51000,0,25928,127420,54938.0,0,0,975862.0,503454,272533,133641,45100,3337,0,0,17797,975862
125.4,0.7974481658692185,Hampton,MPSA,4292,4004,0.01250000105675701,354859250,282981858.05422646,82679.22879776328,65932.3993602578,909377.0,696125,452770,0,15570,22450,993433,232306,0,108355,1256234,519555.0,401680,16192,5624047.0,4435741,35113,372799,423232,325066,0,32096,0,5624047
125.4,0.7974481658692185,Hartland,PPSA,947,947,0.01491793243019395,83309400,66434928.22966507,87971.91129883844,70153.0393132683,205712.0,213809,122675,54576,1750,10000,386300,67200,0,130700,277830,133157.0,15000,0,1618709.0,1242804,38925,130846,57900,81500,0,55938,10796,1618709
125.4,0.7974481658692185,Harvey,PPSA,363,352,0.01240940309914494,19495700,15546810.207336523,53707.162534435265,42828.67825712541,84762.0,65803,25194,0,500,2367,52477,21973,10312,12079,20686,15993.0,30005,0,342151.0,241930,42865,26190,1640,4780,7924,0,16822,342151
125.4,0.7974481658692185,Hillsborough,PPSA,1350,1292,0.01346000444257966,81034000,64620414.67304625,60025.18518518518,47866.97383188611,267071.0,194500,129340,7560,3500,3800,644966,73261,14300,57441,240950,31313.0,3000,0,1671002.0,1090718,231702,77420,97000,5200,0,107223,61739,1671002
125.4,0.7974481658692185,Lac Baker,PPSA,719,721,0.01135679352455508,48132600,38383253.58851675,66943.81084840055,53384.21917735292,142538.0,109300,52900,0,1000,4000,140221,40000,10000,35700,50400,63300.0,10000,0,659359.0,546632,13072,33512,16590,26200,0,0,23353,659359
125.4,0.7974481658692185,Lamèque,PPSA,1432,1422,0.01500010138468303,86304950,68823724.08293462,60268.81983240224,48061.25983445155,354702.0,277173,148822,30000,0,500,311480,68793,0,71435,261834,260418.0,18322,0,1803479.0,1294583,294215,155659,0,50350,0,350,8322,1803479
125.4,0.7974481658692185,Le Goulet,PPSA,817,908,0.01596852328090281,21736700,17333891.54704944,26605.50795593635,21216.513521480345,269851.0,112549,14000,0,2800,4500,160700,45885,0,11400,4000,28796.0,0,0,654481.0,347103,279112,11548,2445,11700,0,0,2573,654481
125.4,0.7974481658692185,Maisonnette,PPSA,573,599,0.01448999907305533,24812700,19786842.10526316,43303.141361256545,34532.01065490953,123082.0,94427,42379,0,0,0,89800,46867,0,29163,25631,20840.0,32322,133,504644.0,359536,123436,10981,5241,3800,1650,0,0,504644
125.4,0.7974481658692185,McAdam,PPSA,1284,1404,0.01594077967473375,46460400,37049760.76555024,36184.11214953271,28854.953867250966,375013.0,212708,124000,30000,50000,18500,276100,98800,30000,31000,121706,24945.0,65010,0,1457782.0,740615,550325,11435,8700,34978,0,0,111729,1457782
125.4,0.7974481658692185,Meductic,PPSA,228,155,0.01202054135892137,12219250,9744218.500797449,53593.20175438596,42737.80044209407,52741.0,42025,47820,0,2000,2700,33443,17071,0,407,27000,18445.0,0,0,243652.0,146882,44394,45406,1700,0,0,0,5270,243652
125.4,0.7974481658692185,Memramcook,PPSA,4831,4638,0.01391199986050026,281004100,224086204.14673045,58166.85986338232,46385.055712426096,921803.0,718869,282671,133858,7325,11111,1336736,290735,0,270507,961221,320515.0,449502,0,5704853.0,3909329,1105067,78612,213783,30300,14000,180369,173393,5704853
125.4,0.7974481658692185,Millville,PPSA,307,303,0.01483172636446926,11460500,9139154.704944178,37330.618892508144,29769.233566593415,45543.0,30474,79180,0,6200,2100,34500,28300,0,14145,101250,32339.0,0,0,374031.0,169979,78921,97512,0,250,0,0,27369,374031
125.4,0.7974481658692185,Minto,PPSA,2505,2681,0.01240799622999489,105782350,84355940.98883572,42228.483033932134,33675.02634284859,333759.0,261400,118000,0,5000,15700,565895,198750,0,23366,218800,124043.0,569824,12355,2446892.0,1312547,859426,177609,37200,47900,0,12210,0,2446892
125.4,0.7974481658692185,Miramichi,municipal,17811,18129,0.01729899999877042,1382588300,1102542503.9872408,77625.52916736848,61902.33585914552,2821459.0,5024713,2669155,497970,821408,49612,6369701,1221638,0,1080522,3702004,2967565.0,4810928,0,32036675.0,23917395,5609502,864136,768330,233720,0,643002,590,32036675
125.4,0.7974481658692185,Moncton,MPSA,69074,64128,0.01639299996581568,7661408300,6109575996.810207,110915.94956134,88449.72054333334,16160262.0,19225204,13438854,3720862,33237,3150737,29970885,3355572,0,7999478,16662232,20918899.0,9382108,0,144018330.0,125593466,5296251,1113606,8995308,2766804,0,15376,237519,144018330
125.4,0.7974481658692185,Nackawic,PPSA,1049,977,0.01338110499208249,92516500,73777113.23763956,88194.94756911344,70330.89917792141,193759.0,152343,136291,42000,3050,15960,319420,96441,0,35657,389891,54264.0,3327,0,1442403.0,1237973,35993,67055,74500,10118,0,0,16764,1442403
125.4,0.7974481658692185,New Maryland,PPSA,4232,4248,0.01207199914570775,343676300,274064035.0877193,81208.95557655954,64759.932676682256,849616.0,592833,266071,113559,11000,67400,554467,252440,0,138842,661550,307951.0,650631,0,4466360.0,4148860,6108,112401,100400,49800,0,48000,791,4466360
125.4,0.7974481658692185,Nigadoo,municipal,952,927,0.01387499223373949,49090550,39147169.05901117,51565.7037815126,41120.97590232266,226018.0,211348,25721,0,0,7255,316668,59201,0,18964,41789,18393.0,600,0,925957.0,681131,131889,63297,45440,0,0,4200,0,925957
125.4,0.7974481658692185,Norton,PPSA,1301,1314,0.01165398066980053,69637150,55532017.54385965,53525.86471944658,42684.10264708659,134191.0,194205,132133,0,2000,0,559917,103958,0,63237,12300,45893.0,840,7484,1256158.0,811550,193164,213544,0,27900,0,10000,0,1256158
125.4,0.7974481658692185,Néguac,PPSA,1678,1623,0.01308400452677496,113237350,90300917.06539075,67483.52205005959,53814.61088521499,432913.0,334130,154895,0,3655,5275,632069,88790,0,190965,146815,101075.0,55275,0,2145857.0,1481598,295764,139459,0,155751,0,56256,17029,2145857
125.4,0.7974481658692185,Oromocto,MPSA,8932,8402,0.01245516728416257,1097617534,875293089.3141946,122885.97559337215,97995.19584798417,2550312.0,1768285,3064196,620344,31515,198230,2707243,549905,0,361398,1778313,321835.0,3960880,0,17912456.0,13671010,443372,606000,845885,995416,38000,811311,501462,17912456
125.4,0.7974481658692185,Paquetville,PPSA,706,642,0.01339966623360386,45990250,36674840.51036683,65141.99716713881,51947.36616199267,208322.0,138490,90029,0,6000,13800,96200,33908,0,23337,17500,210956.0,0,47513,886055.0,616254,28714,123758,10000,60000,47329,0,0,886055
125.4,0.7974481658692185,Perth-Andover,PPSA,1778,1797,0.01230000263021769,114059000,90956140.3508772,64150.16872890889,51156.43439306929,346287.0,329385,191600,37000,2000,6500,307750,98000,0,165702,562474,0.0,205516,0,2252214.0,1402926,300869,187724,220617,22196,0,110186,7696,2252214
125.4,0.7974481658692185,Petit-Rocher,municipal,1908,1949,0.01487049599331281,99533600,79372886.76236045,52166.45702306079,41600.04547293525,228854.0,435427,87646,50000,0,14318,456836,113806,0,49557,429808,113735.0,320013,0,2300000.0,1480114,418614,122083,128600,10872,0,11400,128317,2300000
125.4,0.7974481658692185,Petitcodiac,PPSA,1429,1368,0.01279399436186514,90774700,72388118.02232856,63523.233030090974,50656.48566992901,215760.0,220517,121020,0,5000,2000,640200,81500,0,42600,301000,66880.0,128984,0,1825461.0,1161371,253153,156399,148000,50500,0,0,56038,1825461
125.4,0.7974481658692185,Plaster Rock,PPSA,1135,1150,0.01603988226787115,58913400,46980382.77511962,51906.07929515419,41392.407731382926,179282.0,198687,126124,0,2000,3600,197592,67651,0,102148,475309,173493.0,7468,0,1533354.0,944964,331422,123258,76980,23720,0,0,33010,1533354
125.4,0.7974481658692185,Pointe-Verte,municipal,976,971,0.01570000975921477,37400550,29825000.0,38320.235655737706,30558.40163934426,339746.0,191287,37454,0,0,7500,193817,65296,0,45214,1000,45960.0,59831,0,987105.0,587189,246074,58040,3900,13140,0,62329,16433,987105
125.4,0.7974481658692185,Port Elgin,PPSA,418,451,0.01408149453225947,22404227,17866209.728867624,53598.62918660287,42742.12853796082,109246.0,58589,102774,18587,2200,1000,118038,33080,0,18374,25400,27731.0,0,0,515019.0,315485,49742,96278,5900,29710,5700,0,12204,515019
125.4,0.7974481658692185,Quispamsis,municipal,17886,15239,0.01248479007292423,1625550200,1296292025.5183413,90883.9427485184,72475.23345176905,2253079.0,3189627,2633961,42375,199553,263122,4072554,189976,0,935937,3700971,2425476.0,1987573,0,21894204.0,20294653,100359,47063,810435,470889,35000,88551,47254,21894204
125.4,0.7974481658692185,Rexton,PPSA,818,862,0.01297900142904198,78479150,62583054.22647528,95940.28117359414,76507.40125485975,297327.0,150052,106321,0,1000,3900,359904,72560,0,45419,111132,203649.0,3000,0,1354264.0,1018581,7459,173626,0,93340,43500,1,17757,1354264
125.4,0.7974481658692185,Richibucto,PPSA,1286,1290,0.01327799927579409,104390200,83245773.52472089,81174.33903576982,64732.327779720756,385134.0,217235,97842,0,194,2250,378146,106261,0,207203,331372,214371.0,0,21489,1961497.0,1386093,54999,130100,189900,195405,0,5000,0,1961497
125.4,0.7974481658692185,Riverside-Albert,PPSA,353,320,0.01355704604627116,21566350,17198046.25199362,61094.475920679884,48719.6777676873,92921.0,53483,81732,0,2000,1800,67700,41001,0,23436,49687,16588.0,0,8237,438585.0,292376,17297,93930,15000,910,0,19072,0,438585
125.4,0.7974481658692185,Riverview,MPSA,19128,17832,0.0156255357434891,1466011750,1169068381.1802232,76642.18684650774,61118.17132895353,2173013.0,3446834,2668662,300000,13000,458240,3512342,825143,0,987460,4310102,3334810.0,4952784,0,26982390.0,22907219,1691386,645660,1026581,626867,0,0,84677,26982390
125.4,0.7974481658692185,Rivière-Verte,municipal,744,798,0.01237391894525344,37203250,29667663.476874005,50004.36827956989,39875.89176999194,157492.0,97354,64020,83949,0,200,108025,31755,0,28137,53175,33894.0,1500,1301,660802.0,460350,87871,35781,31500,45300,0,0,0,660802
125.4,0.7974481658692185,Rogersville,PPSA,1170,1165,0.01464776011733516,52260550,41675079.74481659,44667.13675213675,35619.72627762101,255636.0,158801,147754,0,0,3000,307516,100364,0,61319,88256,184184.0,40607,1769,1349206.0,765500,361671,149411,0,42087,25049,5488,0,1349206
125.4,0.7974481658692185,Rothesay,municipal,11947,11637,0.012,1226581500,978135167.4641149,102668.57788566167,81872.86912732192,2053519.0,2194152,1861889,350000,144010,17000,3355933,633000,0,619122,1791344,855031.0,2472500,0,16347500.0,14718978,116262,66306,384700,92729,26500,858000,84025,16347500
125.4,0.7974481658692185,Sackville,MPSA,5558,5411,0.01549999983155461,593664200,473416427.43221694,106812.55847427133,85177.47884710632,1492523.0,1602954,466035,336000,18000,30400,1837013,348898,0,870669,1303130,1212625.0,810000,0,10328247.0,9201795,63412,150334,362000,413336,13500,74736,49134,10328247
125.4,0.7974481658692185,Saint Andrews,MPSA,1889,1798,0.0116769996044378,279728450,223068939.3939394,148082.8215987295,118088.37448064554,750092.0,410010,193672,91448,5000,51800,720533,138600,69500,136627,777160,253823.0,426000,0,4024265.0,3266389,49614,118843,183906,286149,49000,69343,1021,4024265
125.4,0.7974481658692185,Saint George,PPSA,1543,1512,0.01325000361003422,131577700,104926395.53429027,85273.94685677253,68001.55251736246,373610.0,349264,192800,30000,12525,24525,520100,120000,50500,113610,94750,100758.0,27433,0,2009875.0,1743405,63654,95641,3700,20701,6650,67181,8943,2009875
125.4,0.7974481658692185,Saint John,municipal,70063,68043,0.01785000000882499,6628903190,5286206690.590112,94613.46488160656,75449.33403636886,14641992.0,24269759,21941538,2500000,2781370,1970593,29449486,5209787,0,10550006,10213147,15766676.0,11849000,0,151143354.0,118325922,20935308,1703662,3520127,4075904,0,2014729,567702,151143354
125.4,0.7974481658692185,Saint-Antoine,PPSA,1770,1546,0.01234211273467494,105840550,84402352.47208932,59796.9209039548,47684.94489948549,280012.0,254082,136900,11040,11457,2500,565145,113100,0,52830,124953,154799.0,0,187,1707005.0,1306296,247025,138334,500,14850,0,0,0,1707005
125.4,0.7974481658692185,Saint-François-de-Madawaska,PPSA,533,585,0.01572033239781693,32816100,26169138.75598086,61568.66791744841,49097.82130578023,124315.0,78065,104361,30000,500,500,88243,28615,0,23899,254725,101880.0,0,5147,840250.0,515880,21670,181050,96400,25250,0,0,0,840250
125.4,0.7974481658692185,Saint-Hilaire,PPSA,303,231,0.01335428982179832,23302250,18582336.523126,76905.11551155115,61327.84331064686,141574.0,49636,13160,33340,0,0,89400,13100,0,1000,10000,0.0,25000,0,376210.0,311185,997,0,0,10101,0,0,53927,376210
125.4,0.7974481658692185,Saint-Isidore,PPSA,748,796,0.012599986706576,45887350,36592783.09409888,61346.72459893048,48920.83301350118,231042.0,141260,104274,0,0,500,306162,45000,0,23400,65880,72339.0,12600,0,1002457.0,578180,52385,336471,0,13900,0,12000,9521,1002457
125.4,0.7974481658692185,Saint-Louis-de-Kent,PPSA,930,960,0.01425599966812553,60263750,48057216.90590112,64799.7311827957,51674.42678053884,256764.0,134403,113883,0,0,1400,208826,77421,0,38838,425919,112140.0,10050,0,1379644.0,859120,77011,79600,304600,6900,0,50000,2413,1379644
125.4,0.7974481658692185,Saint-Léolin,PPSA,684,733,0.01548698212745679,19306150,15395653.907496013,28225.36549707602,22508.265946631596,192201.0,93024,44000,0,6000,0,100000,41000,2000,25512,60200,20888.0,0,0,584825.0,298994,239810,10969,0,20807,0,0,14245,584825
125.4,0.7974481658692185,Saint-Léonard,PPSA,1343,1352,0.01502200276654156,71029477,56642326.156299844,52888.66492926284,42175.96884311232,253557.0,178762,108738,36000,1000,5000,265577,61000,0,63126,382317,292362.0,133225,0,1780664.0,1067005,278397,166250,96500,85610,4300,56904,25698,1780664
125.4,0.7974481658692185,Saint-Quentin,PPSA,2095,2250,0.01400041648798564,121492100,96883652.31259969,57991.45584725537,46245.180101479564,658748.0,295500,128850,13680,1550,3310,409470,138850,0,246311,312686,202785.0,64400,0,2476140.0,1700940,331364,91824,34650,255842,36100,24825,595,2476140
125.4,0.7974481658692185,Sainte-Anne-de-Madawaska,PPSA,1002,1073,0.01471713492003156,40118950,31992783.094098885,40038.87225548902,31928.925243611662,176483.0,121880,36500,103780,0,0,260100,45000,0,28300,57500,84590.0,17198,909,932240.0,590436,220804,99000,0,22000,0,0,0,932240
125.4,0.7974481658692185,Sainte-Marie-Saint-Raphaël,PPSA,955,993,0.01520001371932445,32071550,25575398.724082936,33582.77486910995,26780.522224170614,259200.0,139434,59323,0,0,0,234224,57373,0,15697,16400,78853.0,24078,0,884582.0,487488,279410,57674,0,11050,0,0,48960,884582
125.4,0.7974481658692185,Salisbury,PPSA,2208,2036,0.009344701440969203,162442750,129539673.046252,73570.08605072464,58668.33018399094,259014.0,360517,128750,0,7500,7000,585353,133914,0,82485,180300,52090.0,17000,33434,1847357.0,1517979,86747,100131,0,12500,0,130000,0,1847357
125.4,0.7974481658692185,Shediac,PPSA,6062,5497,0.01473859535425967,613897850,489551714.5135566,101269.85318376773,80757.45867924062,1742537.0,1174076,525600,205000,10800,30000,1912600,290271,0,1357532,1786400,895393.0,1087858,0,11018067.0,9047992,235480,333915,478700,148685,0,597279,176016,11018067
125.4,0.7974481658692185,Shippagan,PPSA,2631,2754,0.01509999872025347,222700350,177591985.64593303,84644.75484606613,67499.80450244508,888800.0,618700,187550,100000,3000,500,812300,118300,0,135400,866300,603708.0,15021,106179,4455758.0,3362775,473488,135125,175000,41000,0,268370,0,4455758
125.4,0.7974481658692185,St. Martins,PPSA,314,386,0.01215914311835492,21547900,17183333.333333332,68623.88535031847,54723.991507431,70059.0,49646,125021,0,1500,0,43983,46290,13048,38007,99237,36631.0,15000,0,538422.0,262004,2016,173762,36500,25138,16819,0,22183,538422
125.4,0.7974481658692185,St. Stephen,PPSA,4817,4780,0.01580000071557119,349371250,278605462.5199362,72528.80423500104,57837.961909889185,1032304.0,1046942,810389,125000,16025,123648,1859472,258570,0,289938,1774942,599448.0,1122821,0,9059499.0,5520066,1432436,206611,646439,223855,4000,917772,108320,9059499
125.4,0.7974481658692185,Stanley,PPSA,419,433,0.01363408745862266,30134250,24030502.392344497,71919.45107398568,57352.03434927088,178185.0,54220,100140,0,1000,15500,101500,37495,0,14000,27455,60892.0,0,0,590387.0,410853,2383,73779,0,54020,0,0,49352,590387
125.4,0.7974481658692185,Sussex,PPSA,4312,4241,0.01247099877541071,414547150,330579864.4338118,96138.02179962894,76665.08915440904,714873.0,851393,585680,151000,23700,67000,1517650,451650,0,361500,1109547,506150.0,204250,0,6544393.0,5169817,291270,367541,334200,45851,0,320367,15347,6544393
125.4,0.7974481658692185,Sussex Corner,PPSA,1495,1413,0.01159999921588845,102026300,81360685.80542265,68245.01672240802,54421.86341499843,242447.0,247180,105324,40000,1300,3850,329475,98640,0,60781,85500,75850.0,63227,0,1353574.0,1183505,11316,11100,3800,6300,0,13620,123933,1353574
125.4,0.7974481658692185,Tide Head,MPSA,1036,1075,0.01419999202760221,56444750,45011762.36044657,54483.34942084942,43447.64706606812,175927.0,198460,68356,55942,3002,2092,164903,53976,0,32641,58927,12148.0,108256,0,934630.0,801515,126879,0,0,500,0,0,5736,934630
125.4,0.7974481658692185,Tracy,PPSA,611,619,0.01190002783105226,26409350,21060087.719298247,43223.158756137476,34468.228673155885,104023.0,64289,38800,0,2000,2900,158367,52326,0,7380,29364,0.0,0,0,459449.0,314272,124530,0,0,15100,0,0,5547,459449
125.4,0.7974481658692185,Woodstock,municipal,5254,5113,0.01418105367322025,482234900,384557336.523126,91784.3357441949,73193.25019473277,738237.0,2044263,577360,188000,0,20000,1439705,314000,0,360341,1906053,366728.0,1103800,0,9058487.0,6838599,626373,607439,760125,55000,0,80414,90537,9058487
